Start (ns),Duration (ns),CorrId,GrdX,GrdY,GrdZ,BlkX,BlkY,BlkZ,Reg/Trd,StcSMem (MB),DymSMem (MB),Bytes (MB),Throughput (MB/s),SrcMemKd,DstMemKd,Device,Ctx,GreenCtx,Strm,Name
918775021,468946,619,,,,,,,,,,8.389,17884.512,Pageable,Device,NVIDIA GeForce RTX 4090 (0),1,,7,[CUDA memcpy Host-to-Device]
919511863,736,634,,,,,,,,,,0.008,11130.429,Pageable,Device,NVIDIA GeForce RTX 4090 (0),1,,7,[CUDA memcpy Host-to-Device]
919595700,444339,645,,,,,,,,,,8.389,18874.368,Pageable,Device,NVIDIA GeForce RTX 4090 (0),1,,7,[CUDA memcpy Host-to-Device]
920187138,512,656,,,,,,,,,,0.004,8000.000,Pageable,Device,NVIDIA GeForce RTX 4090 (0),1,,7,[CUDA memcpy Host-to-Device]
920205058,512,667,,,,,,,,,,0.004,8000.000,Pageable,Device,NVIDIA GeForce RTX 4090 (0),1,,7,[CUDA memcpy Host-to-Device]
920214529,480,678,,,,,,,,,,0.004,8533.332,Pageable,Device,NVIDIA GeForce RTX 4090 (0),1,,7,[CUDA memcpy Host-to-Device]
920276191,212602,689,,,,,,,,,,4.194,19725.812,Pageable,Device,NVIDIA GeForce RTX 4090 (0),1,,7,[CUDA memcpy Host-to-Device]
920580214,480,700,,,,,,,,,,0.004,8533.332,Pageable,Device,NVIDIA GeForce RTX 4090 (0),1,,7,[CUDA memcpy Host-to-Device]
921178020,3296,717,768,1,1,256,1,1,38,0.000,0.000,,,,,NVIDIA GeForce RTX 4090 (0),1,,7,"void at::native::<unnamed>::distribution_elementwise_grid_stride_kernel<float, (int)4, void at::native::templates::cuda::normal_and_transform<float, float, (unsigned long)4, at::CUDAGeneratorImpl *, void at::native::templates::cuda::normal_kernel<at::CUDAGeneratorImpl *>(const at::TensorBase &, double, double, T1)::[lambda() (instance 1)]::operator ()() const::[lambda() (instance 2)]::operator ()() const::[lambda(float) (instance 1)]>(at::TensorIteratorBase &, T4, T5)::[lambda(curandStatePhilox4_32_10 *) (instance 2)], void at::native::<unnamed>::distribution_nullary_kernel<float, float, (int)4, at::CUDAGeneratorImpl *, void at::native::templates::cuda::normal_and_transform<float, float, (unsigned long)4, at::CUDAGeneratorImpl *, void at::native::templates::cuda::normal_kernel<at::CUDAGeneratorImpl *>(const at::TensorBase &, double, double, T1)::[lambda() (instance 1)]::operator ()() const::[lambda() (instance 2)]::operator ()() const::[lambda(float) (instance 1)]>(at::TensorIteratorBase &, T4, T5)::[lambda(curandStatePhilox4_32_10 *) (instance 2)], void at::native::templates::cuda::normal_kernel<at::CUDAGeneratorImpl *>(const at::TensorBase &, double, double, T1)::[lambda() (instance 1)]::operator ()() const::[lambda() (instance 2)]::operator ()() const::[lambda(float) (instance 1)]>(at::TensorIteratorBase &, T4, const T5 &, T6)::[lambda(int, float) (instance 1)]>(int, at::PhiloxCudaState, T3, T4)"
945154855,29567,1768,32,2,1,128,1,1,152,0.000,0.074,,,,,NVIDIA GeForce RTX 4090 (0),1,,7,void cutlass::Kernel<cutlass_80_tensorop_s1688gemm_128x64_16x6_tn_align4>(T1::Params)
950231276,2144,1776,1024,1,1,128,1,1,30,0.000,0.000,,,,,NVIDIA GeForce RTX 4090 (0),1,,7,"void at::native::vectorized_elementwise_kernel<(int)4, at::native::GeluCUDAKernelImpl(at::TensorIteratorBase &, at::native::GeluType)::[lambda() (instance 2)]::operator ()() const::[lambda() (instance 2)]::operator ()() const::[lambda(float) (instance 1)], at::detail::Array<char *, (int)2>>(int, T2, T3)"
950337320,30399,1796,32,2,1,128,1,1,96,0.000,0.098,,,,,NVIDIA GeForce RTX 4090 (0),1,,7,void cutlass::Kernel<cutlass_80_tensorop_s1688gemm_64x64_32x6_tn_align4>(T1::Params)
950638463,3424,1818,256,1,1,32,4,1,43,0.000,0.000,,,,,NVIDIA GeForce RTX 4090 (0),1,,7,"void at::native::<unnamed>::vectorized_layer_norm_kernel<float, float>(int, T2, const T1 *, const T1 *, const T1 *, T2 *, T2 *, T1 *)"
952841756,1920,1830,512,1,1,128,1,1,30,0.000,0.000,,,,,NVIDIA GeForce RTX 4090 (0),1,,7,"void at::native::vectorized_elementwise_kernel<(int)4, at::native::sin_kernel_cuda(at::TensorIteratorBase &)::[lambda() (instance 2)]::operator ()() const::[lambda() (instance 2)]::operator ()() const::[lambda(float) (instance 1)], at::detail::Array<char *, (int)2>>(int, T2, T3)"
954103349,1632,1838,512,1,1,128,1,1,17,0.000,0.000,,,,,NVIDIA GeForce RTX 4090 (0),1,,7,"void at::native::vectorized_elementwise_kernel<(int)4, at::native::tanh_kernel_cuda(at::TensorIteratorBase &)::[lambda() (instance 2)]::operator ()() const::[lambda() (instance 2)]::operator ()() const::[lambda(float) (instance 1)], at::detail::Array<char *, (int)2>>(int, T2, T3)"
956136951,1632,1850,512,1,1,128,1,1,22,0.000,0.000,,,,,NVIDIA GeForce RTX 4090 (0),1,,7,"void at::native::vectorized_elementwise_kernel<(int)4, at::native::BinaryFunctor<float, float, float, at::native::binary_internal::MulFunctor<float>>, at::detail::Array<char *, (int)3>>(int, T2, T3)"
959368116,3040,1862,16,1,1,32,16,1,26,0.000,0.000,,,,,NVIDIA GeForce RTX 4090 (0),1,,7,"void at::native::reduce_kernel<(int)512, (int)1, at::native::ReduceOp<float, at::native::MeanOps<float, float>, unsigned int, float, (int)4>>(T3)"
961824361,2112,1870,1024,1,1,128,1,1,16,0.000,0.000,,,,,NVIDIA GeForce RTX 4090 (0),1,,7,"void at::native::elementwise_kernel<(int)128, (int)2, void at::native::gpu_kernel_impl<at::native::CUDAFunctor_add<float>>(at::TensorIteratorBase &, const T1 &)::[lambda(int) (instance 1)]>(int, T3)"
962332122,16863,1894,32,2,1,128,1,1,96,0.000,0.098,,,,,NVIDIA GeForce RTX 4090 (0),1,,7,void cutlass::Kernel<cutlass_80_tensorop_s1688gemm_64x64_32x6_tn_align4>(T1::Params)
962360441,1664,1902,512,1,1,128,1,1,22,0.000,0.000,,,,,NVIDIA GeForce RTX 4090 (0),1,,7,"void at::native::vectorized_elementwise_kernel<(int)4, at::native::CUDAFunctor_add<float>, at::detail::Array<char *, (int)3>>(int, T2, T3)"
962430327,29023,1922,32,2,1,128,1,1,152,0.000,0.074,,,,,NVIDIA GeForce RTX 4090 (0),1,,7,void cutlass::Kernel<cutlass_80_tensorop_s1688gemm_128x64_16x6_tn_align4>(T1::Params)
962460054,2144,1930,1024,1,1,128,1,1,30,0.000,0.000,,,,,NVIDIA GeForce RTX 4090 (0),1,,7,"void at::native::vectorized_elementwise_kernel<(int)4, at::native::GeluCUDAKernelImpl(at::TensorIteratorBase &, at::native::GeluType)::[lambda() (instance 2)]::operator ()() const::[lambda() (instance 2)]::operator ()() const::[lambda(float) (instance 1)], at::detail::Array<char *, (int)2>>(int, T2, T3)"
962463702,29919,1950,32,2,1,128,1,1,96,0.000,0.098,,,,,NVIDIA GeForce RTX 4090 (0),1,,7,void cutlass::Kernel<cutlass_80_tensorop_s1688gemm_64x64_32x6_tn_align4>(T1::Params)
962494261,3392,1972,256,1,1,32,4,1,43,0.000,0.000,,,,,NVIDIA GeForce RTX 4090 (0),1,,7,"void at::native::<unnamed>::vectorized_layer_norm_kernel<float, float>(int, T2, const T1 *, const T1 *, const T1 *, T2 *, T2 *, T1 *)"
962503508,1536,1980,512,1,1,128,1,1,30,0.000,0.000,,,,,NVIDIA GeForce RTX 4090 (0),1,,7,"void at::native::vectorized_elementwise_kernel<(int)4, at::native::sin_kernel_cuda(at::TensorIteratorBase &)::[lambda() (instance 2)]::operator ()() const::[lambda() (instance 2)]::operator ()() const::[lambda(float) (instance 1)], at::detail::Array<char *, (int)2>>(int, T2, T3)"
962510484,1568,1988,512,1,1,128,1,1,17,0.000,0.000,,,,,NVIDIA GeForce RTX 4090 (0),1,,7,"void at::native::vectorized_elementwise_kernel<(int)4, at::native::tanh_kernel_cuda(at::TensorIteratorBase &)::[lambda() (instance 2)]::operator ()() const::[lambda() (instance 2)]::operator ()() const::[lambda(float) (instance 1)], at::detail::Array<char *, (int)2>>(int, T2, T3)"
962520340,1632,1996,512,1,1,128,1,1,22,0.000,0.000,,,,,NVIDIA GeForce RTX 4090 (0),1,,7,"void at::native::vectorized_elementwise_kernel<(int)4, at::native::BinaryFunctor<float, float, float, at::native::binary_internal::MulFunctor<float>>, at::detail::Array<char *, (int)3>>(int, T2, T3)"
962532947,3264,2008,16,1,1,32,16,1,26,0.000,0.000,,,,,NVIDIA GeForce RTX 4090 (0),1,,7,"void at::native::reduce_kernel<(int)512, (int)1, at::native::ReduceOp<float, at::native::MeanOps<float, float>, unsigned int, float, (int)4>>(T3)"
962541267,2048,2016,1024,1,1,128,1,1,16,0.000,0.000,,,,,NVIDIA GeForce RTX 4090 (0),1,,7,"void at::native::elementwise_kernel<(int)128, (int)2, void at::native::gpu_kernel_impl<at::native::CUDAFunctor_add<float>>(at::TensorIteratorBase &, const T1 &)::[lambda(int) (instance 1)]>(int, T3)"
962556339,16415,2036,32,2,1,128,1,1,96,0.000,0.098,,,,,NVIDIA GeForce RTX 4090 (0),1,,7,void cutlass::Kernel<cutlass_80_tensorop_s1688gemm_64x64_32x6_tn_align4>(T1::Params)
962573426,1600,2044,512,1,1,128,1,1,22,0.000,0.000,,,,,NVIDIA GeForce RTX 4090 (0),1,,7,"void at::native::vectorized_elementwise_kernel<(int)4, at::native::CUDAFunctor_add<float>, at::detail::Array<char *, (int)3>>(int, T2, T3)"
962586354,28863,2064,32,2,1,128,1,1,152,0.000,0.074,,,,,NVIDIA GeForce RTX 4090 (0),1,,7,void cutlass::Kernel<cutlass_80_tensorop_s1688gemm_128x64_16x6_tn_align4>(T1::Params)
962615921,2144,2072,1024,1,1,128,1,1,30,0.000,0.000,,,,,NVIDIA GeForce RTX 4090 (0),1,,7,"void at::native::vectorized_elementwise_kernel<(int)4, at::native::GeluCUDAKernelImpl(at::TensorIteratorBase &, at::native::GeluType)::[lambda() (instance 2)]::operator ()() const::[lambda() (instance 2)]::operator ()() const::[lambda(float) (instance 1)], at::detail::Array<char *, (int)2>>(int, T2, T3)"
962618801,29407,2092,32,2,1,128,1,1,96,0.000,0.098,,,,,NVIDIA GeForce RTX 4090 (0),1,,7,void cutlass::Kernel<cutlass_80_tensorop_s1688gemm_64x64_32x6_tn_align4>(T1::Params)
962648944,3392,2114,256,1,1,32,4,1,43,0.000,0.000,,,,,NVIDIA GeForce RTX 4090 (0),1,,7,"void at::native::<unnamed>::vectorized_layer_norm_kernel<float, float>(int, T2, const T1 *, const T1 *, const T1 *, T2 *, T2 *, T1 *)"
962652976,1536,2122,512,1,1,128,1,1,30,0.000,0.000,,,,,NVIDIA GeForce RTX 4090 (0),1,,7,"void at::native::vectorized_elementwise_kernel<(int)4, at::native::sin_kernel_cuda(at::TensorIteratorBase &)::[lambda() (instance 2)]::operator ()() const::[lambda() (instance 2)]::operator ()() const::[lambda(float) (instance 1)], at::detail::Array<char *, (int)2>>(int, T2, T3)"
962655216,1568,2130,512,1,1,128,1,1,17,0.000,0.000,,,,,NVIDIA GeForce RTX 4090 (0),1,,7,"void at::native::vectorized_elementwise_kernel<(int)4, at::native::tanh_kernel_cuda(at::TensorIteratorBase &)::[lambda() (instance 2)]::operator ()() const::[lambda() (instance 2)]::operator ()() const::[lambda(float) (instance 1)], at::detail::Array<char *, (int)2>>(int, T2, T3)"
962657488,1568,2138,512,1,1,128,1,1,22,0.000,0.000,,,,,NVIDIA GeForce RTX 4090 (0),1,,7,"void at::native::vectorized_elementwise_kernel<(int)4, at::native::BinaryFunctor<float, float, float, at::native::binary_internal::MulFunctor<float>>, at::detail::Array<char *, (int)3>>(int, T2, T3)"
962659696,3295,2150,16,1,1,32,16,1,26,0.000,0.000,,,,,NVIDIA GeForce RTX 4090 (0),1,,7,"void at::native::reduce_kernel<(int)512, (int)1, at::native::ReduceOp<float, at::native::MeanOps<float, float>, unsigned int, float, (int)4>>(T3)"
962663759,2016,2158,1024,1,1,128,1,1,16,0.000,0.000,,,,,NVIDIA GeForce RTX 4090 (0),1,,7,"void at::native::elementwise_kernel<(int)128, (int)2, void at::native::gpu_kernel_impl<at::native::CUDAFunctor_add<float>>(at::TensorIteratorBase &, const T1 &)::[lambda(int) (instance 1)]>(int, T3)"
962666447,16096,2178,32,2,1,128,1,1,96,0.000,0.098,,,,,NVIDIA GeForce RTX 4090 (0),1,,7,void cutlass::Kernel<cutlass_80_tensorop_s1688gemm_64x64_32x6_tn_align4>(T1::Params)
962683215,1600,2186,512,1,1,128,1,1,22,0.000,0.000,,,,,NVIDIA GeForce RTX 4090 (0),1,,7,"void at::native::vectorized_elementwise_kernel<(int)4, at::native::CUDAFunctor_add<float>, at::detail::Array<char *, (int)3>>(int, T2, T3)"
962685519,28831,2206,32,2,1,128,1,1,152,0.000,0.074,,,,,NVIDIA GeForce RTX 4090 (0),1,,7,void cutlass::Kernel<cutlass_80_tensorop_s1688gemm_128x64_16x6_tn_align4>(T1::Params)
962715118,2144,2214,1024,1,1,128,1,1,30,0.000,0.000,,,,,NVIDIA GeForce RTX 4090 (0),1,,7,"void at::native::vectorized_elementwise_kernel<(int)4, at::native::GeluCUDAKernelImpl(at::TensorIteratorBase &, at::native::GeluType)::[lambda() (instance 2)]::operator ()() const::[lambda() (instance 2)]::operator ()() const::[lambda(float) (instance 1)], at::detail::Array<char *, (int)2>>(int, T2, T3)"
962717998,29407,2234,32,2,1,128,1,1,96,0.000,0.098,,,,,NVIDIA GeForce RTX 4090 (0),1,,7,void cutlass::Kernel<cutlass_80_tensorop_s1688gemm_64x64_32x6_tn_align4>(T1::Params)
962748077,3392,2256,256,1,1,32,4,1,43,0.000,0.000,,,,,NVIDIA GeForce RTX 4090 (0),1,,7,"void at::native::<unnamed>::vectorized_layer_norm_kernel<float, float>(int, T2, const T1 *, const T1 *, const T1 *, T2 *, T2 *, T1 *)"
962752141,1536,2264,512,1,1,128,1,1,30,0.000,0.000,,,,,NVIDIA GeForce RTX 4090 (0),1,,7,"void at::native::vectorized_elementwise_kernel<(int)4, at::native::sin_kernel_cuda(at::TensorIteratorBase &)::[lambda() (instance 2)]::operator ()() const::[lambda() (instance 2)]::operator ()() const::[lambda(float) (instance 1)], at::detail::Array<char *, (int)2>>(int, T2, T3)"
962754381,1568,2272,512,1,1,128,1,1,17,0.000,0.000,,,,,NVIDIA GeForce RTX 4090 (0),1,,7,"void at::native::vectorized_elementwise_kernel<(int)4, at::native::tanh_kernel_cuda(at::TensorIteratorBase &)::[lambda() (instance 2)]::operator ()() const::[lambda() (instance 2)]::operator ()() const::[lambda(float) (instance 1)], at::detail::Array<char *, (int)2>>(int, T2, T3)"
962756621,1632,2280,512,1,1,128,1,1,22,0.000,0.000,,,,,NVIDIA GeForce RTX 4090 (0),1,,7,"void at::native::vectorized_elementwise_kernel<(int)4, at::native::BinaryFunctor<float, float, float, at::native::binary_internal::MulFunctor<float>>, at::detail::Array<char *, (int)3>>(int, T2, T3)"
962758957,3167,2292,16,1,1,32,16,1,26,0.000,0.000,,,,,NVIDIA GeForce RTX 4090 (0),1,,7,"void at::native::reduce_kernel<(int)512, (int)1, at::native::ReduceOp<float, at::native::MeanOps<float, float>, unsigned int, float, (int)4>>(T3)"
962762892,2016,2300,1024,1,1,128,1,1,16,0.000,0.000,,,,,NVIDIA GeForce RTX 4090 (0),1,,7,"void at::native::elementwise_kernel<(int)128, (int)2, void at::native::gpu_kernel_impl<at::native::CUDAFunctor_add<float>>(at::TensorIteratorBase &, const T1 &)::[lambda(int) (instance 1)]>(int, T3)"
962765612,16096,2320,32,2,1,128,1,1,96,0.000,0.098,,,,,NVIDIA GeForce RTX 4090 (0),1,,7,void cutlass::Kernel<cutlass_80_tensorop_s1688gemm_64x64_32x6_tn_align4>(T1::Params)
962782380,1568,2328,512,1,1,128,1,1,22,0.000,0.000,,,,,NVIDIA GeForce RTX 4090 (0),1,,7,"void at::native::vectorized_elementwise_kernel<(int)4, at::native::CUDAFunctor_add<float>, at::detail::Array<char *, (int)3>>(int, T2, T3)"
962784684,28831,2348,32,2,1,128,1,1,152,0.000,0.074,,,,,NVIDIA GeForce RTX 4090 (0),1,,7,void cutlass::Kernel<cutlass_80_tensorop_s1688gemm_128x64_16x6_tn_align4>(T1::Params)
962814187,2144,2356,1024,1,1,128,1,1,30,0.000,0.000,,,,,NVIDIA GeForce RTX 4090 (0),1,,7,"void at::native::vectorized_elementwise_kernel<(int)4, at::native::GeluCUDAKernelImpl(at::TensorIteratorBase &, at::native::GeluType)::[lambda() (instance 2)]::operator ()() const::[lambda() (instance 2)]::operator ()() const::[lambda(float) (instance 1)], at::detail::Array<char *, (int)2>>(int, T2, T3)"
962817035,29439,2376,32,2,1,128,1,1,96,0.000,0.098,,,,,NVIDIA GeForce RTX 4090 (0),1,,7,void cutlass::Kernel<cutlass_80_tensorop_s1688gemm_64x64_32x6_tn_align4>(T1::Params)
962847306,3360,2398,256,1,1,32,4,1,43,0.000,0.000,,,,,NVIDIA GeForce RTX 4090 (0),1,,7,"void at::native::<unnamed>::vectorized_layer_norm_kernel<float, float>(int, T2, const T1 *, const T1 *, const T1 *, T2 *, T2 *, T1 *)"
962851434,1536,2406,512,1,1,128,1,1,30,0.000,0.000,,,,,NVIDIA GeForce RTX 4090 (0),1,,7,"void at::native::vectorized_elementwise_kernel<(int)4, at::native::sin_kernel_cuda(at::TensorIteratorBase &)::[lambda() (instance 2)]::operator ()() const::[lambda() (instance 2)]::operator ()() const::[lambda(float) (instance 1)], at::detail::Array<char *, (int)2>>(int, T2, T3)"
962853674,1600,2414,512,1,1,128,1,1,17,0.000,0.000,,,,,NVIDIA GeForce RTX 4090 (0),1,,7,"void at::native::vectorized_elementwise_kernel<(int)4, at::native::tanh_kernel_cuda(at::TensorIteratorBase &)::[lambda() (instance 2)]::operator ()() const::[lambda() (instance 2)]::operator ()() const::[lambda(float) (instance 1)], at::detail::Array<char *, (int)2>>(int, T2, T3)"
962855946,1568,2422,512,1,1,128,1,1,22,0.000,0.000,,,,,NVIDIA GeForce RTX 4090 (0),1,,7,"void at::native::vectorized_elementwise_kernel<(int)4, at::native::BinaryFunctor<float, float, float, at::native::binary_internal::MulFunctor<float>>, at::detail::Array<char *, (int)3>>(int, T2, T3)"
962858122,3295,2434,16,1,1,32,16,1,26,0.000,0.000,,,,,NVIDIA GeForce RTX 4090 (0),1,,7,"void at::native::reduce_kernel<(int)512, (int)1, at::native::ReduceOp<float, at::native::MeanOps<float, float>, unsigned int, float, (int)4>>(T3)"
962862057,2016,2442,1024,1,1,128,1,1,16,0.000,0.000,,,,,NVIDIA GeForce RTX 4090 (0),1,,7,"void at::native::elementwise_kernel<(int)128, (int)2, void at::native::gpu_kernel_impl<at::native::CUDAFunctor_add<float>>(at::TensorIteratorBase &, const T1 &)::[lambda(int) (instance 1)]>(int, T3)"
962864777,16096,2462,32,2,1,128,1,1,96,0.000,0.098,,,,,NVIDIA GeForce RTX 4090 (0),1,,7,void cutlass::Kernel<cutlass_80_tensorop_s1688gemm_64x64_32x6_tn_align4>(T1::Params)
962881545,1536,2470,512,1,1,128,1,1,22,0.000,0.000,,,,,NVIDIA GeForce RTX 4090 (0),1,,7,"void at::native::vectorized_elementwise_kernel<(int)4, at::native::CUDAFunctor_add<float>, at::detail::Array<char *, (int)3>>(int, T2, T3)"
962883721,28927,2490,32,2,1,128,1,1,152,0.000,0.074,,,,,NVIDIA GeForce RTX 4090 (0),1,,7,void cutlass::Kernel<cutlass_80_tensorop_s1688gemm_128x64_16x6_tn_align4>(T1::Params)
962913288,2144,2498,1024,1,1,128,1,1,30,0.000,0.000,,,,,NVIDIA GeForce RTX 4090 (0),1,,7,"void at::native::vectorized_elementwise_kernel<(int)4, at::native::GeluCUDAKernelImpl(at::TensorIteratorBase &, at::native::GeluType)::[lambda() (instance 2)]::operator ()() const::[lambda() (instance 2)]::operator ()() const::[lambda(float) (instance 1)], at::detail::Array<char *, (int)2>>(int, T2, T3)"
962916040,29439,2518,32,2,1,128,1,1,96,0.000,0.098,,,,,NVIDIA GeForce RTX 4090 (0),1,,7,void cutlass::Kernel<cutlass_80_tensorop_s1688gemm_64x64_32x6_tn_align4>(T1::Params)
962946247,3360,2540,256,1,1,32,4,1,43,0.000,0.000,,,,,NVIDIA GeForce RTX 4090 (0),1,,7,"void at::native::<unnamed>::vectorized_layer_norm_kernel<float, float>(int, T2, const T1 *, const T1 *, const T1 *, T2 *, T2 *, T1 *)"
962950247,1536,2548,512,1,1,128,1,1,30,0.000,0.000,,,,,NVIDIA GeForce RTX 4090 (0),1,,7,"void at::native::vectorized_elementwise_kernel<(int)4, at::native::sin_kernel_cuda(at::TensorIteratorBase &)::[lambda() (instance 2)]::operator ()() const::[lambda() (instance 2)]::operator ()() const::[lambda(float) (instance 1)], at::detail::Array<char *, (int)2>>(int, T2, T3)"
962952423,1600,2556,512,1,1,128,1,1,17,0.000,0.000,,,,,NVIDIA GeForce RTX 4090 (0),1,,7,"void at::native::vectorized_elementwise_kernel<(int)4, at::native::tanh_kernel_cuda(at::TensorIteratorBase &)::[lambda() (instance 2)]::operator ()() const::[lambda() (instance 2)]::operator ()() const::[lambda(float) (instance 1)], at::detail::Array<char *, (int)2>>(int, T2, T3)"
962954695,1600,2564,512,1,1,128,1,1,22,0.000,0.000,,,,,NVIDIA GeForce RTX 4090 (0),1,,7,"void at::native::vectorized_elementwise_kernel<(int)4, at::native::BinaryFunctor<float, float, float, at::native::binary_internal::MulFunctor<float>>, at::detail::Array<char *, (int)3>>(int, T2, T3)"
962957062,3136,2576,16,1,1,32,16,1,26,0.000,0.000,,,,,NVIDIA GeForce RTX 4090 (0),1,,7,"void at::native::reduce_kernel<(int)512, (int)1, at::native::ReduceOp<float, at::native::MeanOps<float, float>, unsigned int, float, (int)4>>(T3)"
962960966,2016,2584,1024,1,1,128,1,1,16,0.000,0.000,,,,,NVIDIA GeForce RTX 4090 (0),1,,7,"void at::native::elementwise_kernel<(int)128, (int)2, void at::native::gpu_kernel_impl<at::native::CUDAFunctor_add<float>>(at::TensorIteratorBase &, const T1 &)::[lambda(int) (instance 1)]>(int, T3)"
962963654,16192,2604,32,2,1,128,1,1,96,0.000,0.098,,,,,NVIDIA GeForce RTX 4090 (0),1,,7,void cutlass::Kernel<cutlass_80_tensorop_s1688gemm_64x64_32x6_tn_align4>(T1::Params)
962980582,1568,2612,512,1,1,128,1,1,22,0.000,0.000,,,,,NVIDIA GeForce RTX 4090 (0),1,,7,"void at::native::vectorized_elementwise_kernel<(int)4, at::native::CUDAFunctor_add<float>, at::detail::Array<char *, (int)3>>(int, T2, T3)"
962982886,28799,2632,32,2,1,128,1,1,152,0.000,0.074,,,,,NVIDIA GeForce RTX 4090 (0),1,,7,void cutlass::Kernel<cutlass_80_tensorop_s1688gemm_128x64_16x6_tn_align4>(T1::Params)
963012293,2176,2640,1024,1,1,128,1,1,30,0.000,0.000,,,,,NVIDIA GeForce RTX 4090 (0),1,,7,"void at::native::vectorized_elementwise_kernel<(int)4, at::native::GeluCUDAKernelImpl(at::TensorIteratorBase &, at::native::GeluType)::[lambda() (instance 2)]::operator ()() const::[lambda() (instance 2)]::operator ()() const::[lambda(float) (instance 1)], at::detail::Array<char *, (int)2>>(int, T2, T3)"
963015141,29471,2660,32,2,1,128,1,1,96,0.000,0.098,,,,,NVIDIA GeForce RTX 4090 (0),1,,7,void cutlass::Kernel<cutlass_80_tensorop_s1688gemm_64x64_32x6_tn_align4>(T1::Params)
963045252,3360,2682,256,1,1,32,4,1,43,0.000,0.000,,,,,NVIDIA GeForce RTX 4090 (0),1,,7,"void at::native::<unnamed>::vectorized_layer_norm_kernel<float, float>(int, T2, const T1 *, const T1 *, const T1 *, T2 *, T2 *, T1 *)"
963049252,1536,2690,512,1,1,128,1,1,30,0.000,0.000,,,,,NVIDIA GeForce RTX 4090 (0),1,,7,"void at::native::vectorized_elementwise_kernel<(int)4, at::native::sin_kernel_cuda(at::TensorIteratorBase &)::[lambda() (instance 2)]::operator ()() const::[lambda() (instance 2)]::operator ()() const::[lambda(float) (instance 1)], at::detail::Array<char *, (int)2>>(int, T2, T3)"
963051492,1568,2698,512,1,1,128,1,1,17,0.000,0.000,,,,,NVIDIA GeForce RTX 4090 (0),1,,7,"void at::native::vectorized_elementwise_kernel<(int)4, at::native::tanh_kernel_cuda(at::TensorIteratorBase &)::[lambda() (instance 2)]::operator ()() const::[lambda() (instance 2)]::operator ()() const::[lambda(float) (instance 1)], at::detail::Array<char *, (int)2>>(int, T2, T3)"
963053764,1535,2706,512,1,1,128,1,1,22,0.000,0.000,,,,,NVIDIA GeForce RTX 4090 (0),1,,7,"void at::native::vectorized_elementwise_kernel<(int)4, at::native::BinaryFunctor<float, float, float, at::native::binary_internal::MulFunctor<float>>, at::detail::Array<char *, (int)3>>(int, T2, T3)"
963056003,3264,2718,16,1,1,32,16,1,26,0.000,0.000,,,,,NVIDIA GeForce RTX 4090 (0),1,,7,"void at::native::reduce_kernel<(int)512, (int)1, at::native::ReduceOp<float, at::native::MeanOps<float, float>, unsigned int, float, (int)4>>(T3)"
963059907,2048,2726,1024,1,1,128,1,1,16,0.000,0.000,,,,,NVIDIA GeForce RTX 4090 (0),1,,7,"void at::native::elementwise_kernel<(int)128, (int)2, void at::native::gpu_kernel_impl<at::native::CUDAFunctor_add<float>>(at::TensorIteratorBase &, const T1 &)::[lambda(int) (instance 1)]>(int, T3)"
963062627,16096,2746,32,2,1,128,1,1,96,0.000,0.098,,,,,NVIDIA GeForce RTX 4090 (0),1,,7,void cutlass::Kernel<cutlass_80_tensorop_s1688gemm_64x64_32x6_tn_align4>(T1::Params)
963079395,1568,2754,512,1,1,128,1,1,22,0.000,0.000,,,,,NVIDIA GeForce RTX 4090 (0),1,,7,"void at::native::vectorized_elementwise_kernel<(int)4, at::native::CUDAFunctor_add<float>, at::detail::Array<char *, (int)3>>(int, T2, T3)"
963081571,28863,2774,32,2,1,128,1,1,152,0.000,0.074,,,,,NVIDIA GeForce RTX 4090 (0),1,,7,void cutlass::Kernel<cutlass_80_tensorop_s1688gemm_128x64_16x6_tn_align4>(T1::Params)
963111138,2144,2782,1024,1,1,128,1,1,30,0.000,0.000,,,,,NVIDIA GeForce RTX 4090 (0),1,,7,"void at::native::vectorized_elementwise_kernel<(int)4, at::native::GeluCUDAKernelImpl(at::TensorIteratorBase &, at::native::GeluType)::[lambda() (instance 2)]::operator ()() const::[lambda() (instance 2)]::operator ()() const::[lambda(float) (instance 1)], at::detail::Array<char *, (int)2>>(int, T2, T3)"
963114018,29471,2802,32,2,1,128,1,1,96,0.000,0.098,,,,,NVIDIA GeForce RTX 4090 (0),1,,7,void cutlass::Kernel<cutlass_80_tensorop_s1688gemm_64x64_32x6_tn_align4>(T1::Params)
963144193,3424,2824,256,1,1,32,4,1,43,0.000,0.000,,,,,NVIDIA GeForce RTX 4090 (0),1,,7,"void at::native::<unnamed>::vectorized_layer_norm_kernel<float, float>(int, T2, const T1 *, const T1 *, const T1 *, T2 *, T2 *, T1 *)"
963148353,1536,2832,512,1,1,128,1,1,30,0.000,0.000,,,,,NVIDIA GeForce RTX 4090 (0),1,,7,"void at::native::vectorized_elementwise_kernel<(int)4, at::native::sin_kernel_cuda(at::TensorIteratorBase &)::[lambda() (instance 2)]::operator ()() const::[lambda() (instance 2)]::operator ()() const::[lambda(float) (instance 1)], at::detail::Array<char *, (int)2>>(int, T2, T3)"
963150593,1568,2840,512,1,1,128,1,1,17,0.000,0.000,,,,,NVIDIA GeForce RTX 4090 (0),1,,7,"void at::native::vectorized_elementwise_kernel<(int)4, at::native::tanh_kernel_cuda(at::TensorIteratorBase &)::[lambda() (instance 2)]::operator ()() const::[lambda() (instance 2)]::operator ()() const::[lambda(float) (instance 1)], at::detail::Array<char *, (int)2>>(int, T2, T3)"
963152833,1599,2848,512,1,1,128,1,1,22,0.000,0.000,,,,,NVIDIA GeForce RTX 4090 (0),1,,7,"void at::native::vectorized_elementwise_kernel<(int)4, at::native::BinaryFunctor<float, float, float, at::native::binary_internal::MulFunctor<float>>, at::detail::Array<char *, (int)3>>(int, T2, T3)"
963155168,3168,2860,16,1,1,32,16,1,26,0.000,0.000,,,,,NVIDIA GeForce RTX 4090 (0),1,,7,"void at::native::reduce_kernel<(int)512, (int)1, at::native::ReduceOp<float, at::native::MeanOps<float, float>, unsigned int, float, (int)4>>(T3)"
963159104,2016,2868,1024,1,1,128,1,1,16,0.000,0.000,,,,,NVIDIA GeForce RTX 4090 (0),1,,7,"void at::native::elementwise_kernel<(int)128, (int)2, void at::native::gpu_kernel_impl<at::native::CUDAFunctor_add<float>>(at::TensorIteratorBase &, const T1 &)::[lambda(int) (instance 1)]>(int, T3)"
963161888,16128,2888,32,2,1,128,1,1,96,0.000,0.098,,,,,NVIDIA GeForce RTX 4090 (0),1,,7,void cutlass::Kernel<cutlass_80_tensorop_s1688gemm_64x64_32x6_tn_align4>(T1::Params)
963178688,1568,2896,512,1,1,128,1,1,22,0.000,0.000,,,,,NVIDIA GeForce RTX 4090 (0),1,,7,"void at::native::vectorized_elementwise_kernel<(int)4, at::native::CUDAFunctor_add<float>, at::detail::Array<char *, (int)3>>(int, T2, T3)"
963180960,28863,2916,32,2,1,128,1,1,152,0.000,0.074,,,,,NVIDIA GeForce RTX 4090 (0),1,,7,void cutlass::Kernel<cutlass_80_tensorop_s1688gemm_128x64_16x6_tn_align4>(T1::Params)
963210495,2176,2924,1024,1,1,128,1,1,30,0.000,0.000,,,,,NVIDIA GeForce RTX 4090 (0),1,,7,"void at::native::vectorized_elementwise_kernel<(int)4, at::native::GeluCUDAKernelImpl(at::TensorIteratorBase &, at::native::GeluType)::[lambda() (instance 2)]::operator ()() const::[lambda() (instance 2)]::operator ()() const::[lambda(float) (instance 1)], at::detail::Array<char *, (int)2>>(int, T2, T3)"
963213407,29503,2944,32,2,1,128,1,1,96,0.000,0.098,,,,,NVIDIA GeForce RTX 4090 (0),1,,7,void cutlass::Kernel<cutlass_80_tensorop_s1688gemm_64x64_32x6_tn_align4>(T1::Params)
963243518,3360,2966,256,1,1,32,4,1,43,0.000,0.000,,,,,NVIDIA GeForce RTX 4090 (0),1,,7,"void at::native::<unnamed>::vectorized_layer_norm_kernel<float, float>(int, T2, const T1 *, const T1 *, const T1 *, T2 *, T2 *, T1 *)"
963247550,1504,2974,512,1,1,128,1,1,30,0.000,0.000,,,,,NVIDIA GeForce RTX 4090 (0),1,,7,"void at::native::vectorized_elementwise_kernel<(int)4, at::native::sin_kernel_cuda(at::TensorIteratorBase &)::[lambda() (instance 2)]::operator ()() const::[lambda() (instance 2)]::operator ()() const::[lambda(float) (instance 1)], at::detail::Array<char *, (int)2>>(int, T2, T3)"
963249758,1567,2982,512,1,1,128,1,1,17,0.000,0.000,,,,,NVIDIA GeForce RTX 4090 (0),1,,7,"void at::native::vectorized_elementwise_kernel<(int)4, at::native::tanh_kernel_cuda(at::TensorIteratorBase &)::[lambda() (instance 2)]::operator ()() const::[lambda() (instance 2)]::operator ()() const::[lambda(float) (instance 1)], at::detail::Array<char *, (int)2>>(int, T2, T3)"
963251997,1568,2990,512,1,1,128,1,1,22,0.000,0.000,,,,,NVIDIA GeForce RTX 4090 (0),1,,7,"void at::native::vectorized_elementwise_kernel<(int)4, at::native::BinaryFunctor<float, float, float, at::native::binary_internal::MulFunctor<float>>, at::detail::Array<char *, (int)3>>(int, T2, T3)"
963254205,3264,3002,16,1,1,32,16,1,26,0.000,0.000,,,,,NVIDIA GeForce RTX 4090 (0),1,,7,"void at::native::reduce_kernel<(int)512, (int)1, at::native::ReduceOp<float, at::native::MeanOps<float, float>, unsigned int, float, (int)4>>(T3)"
963258237,2016,3010,1024,1,1,128,1,1,16,0.000,0.000,,,,,NVIDIA GeForce RTX 4090 (0),1,,7,"void at::native::elementwise_kernel<(int)128, (int)2, void at::native::gpu_kernel_impl<at::native::CUDAFunctor_add<float>>(at::TensorIteratorBase &, const T1 &)::[lambda(int) (instance 1)]>(int, T3)"
963260925,16128,3030,32,2,1,128,1,1,96,0.000,0.098,,,,,NVIDIA GeForce RTX 4090 (0),1,,7,void cutlass::Kernel<cutlass_80_tensorop_s1688gemm_64x64_32x6_tn_align4>(T1::Params)
963277789,1600,3038,512,1,1,128,1,1,22,0.000,0.000,,,,,NVIDIA GeForce RTX 4090 (0),1,,7,"void at::native::vectorized_elementwise_kernel<(int)4, at::native::CUDAFunctor_add<float>, at::detail::Array<char *, (int)3>>(int, T2, T3)"
963280093,28927,3058,32,2,1,128,1,1,152,0.000,0.074,,,,,NVIDIA GeForce RTX 4090 (0),1,,7,void cutlass::Kernel<cutlass_80_tensorop_s1688gemm_128x64_16x6_tn_align4>(T1::Params)
963309692,2144,3066,1024,1,1,128,1,1,30,0.000,0.000,,,,,NVIDIA GeForce RTX 4090 (0),1,,7,"void at::native::vectorized_elementwise_kernel<(int)4, at::native::GeluCUDAKernelImpl(at::TensorIteratorBase &, at::native::GeluType)::[lambda() (instance 2)]::operator ()() const::[lambda() (instance 2)]::operator ()() const::[lambda(float) (instance 1)], at::detail::Array<char *, (int)2>>(int, T2, T3)"
963312444,29439,3086,32,2,1,128,1,1,96,0.000,0.098,,,,,NVIDIA GeForce RTX 4090 (0),1,,7,void cutlass::Kernel<cutlass_80_tensorop_s1688gemm_64x64_32x6_tn_align4>(T1::Params)
963342587,3360,3108,256,1,1,32,4,1,43,0.000,0.000,,,,,NVIDIA GeForce RTX 4090 (0),1,,7,"void at::native::<unnamed>::vectorized_layer_norm_kernel<float, float>(int, T2, const T1 *, const T1 *, const T1 *, T2 *, T2 *, T1 *)"
963346587,1536,3116,512,1,1,128,1,1,30,0.000,0.000,,,,,NVIDIA GeForce RTX 4090 (0),1,,7,"void at::native::vectorized_elementwise_kernel<(int)4, at::native::sin_kernel_cuda(at::TensorIteratorBase &)::[lambda() (instance 2)]::operator ()() const::[lambda() (instance 2)]::operator ()() const::[lambda(float) (instance 1)], at::detail::Array<char *, (int)2>>(int, T2, T3)"
963348827,1599,3124,512,1,1,128,1,1,17,0.000,0.000,,,,,NVIDIA GeForce RTX 4090 (0),1,,7,"void at::native::vectorized_elementwise_kernel<(int)4, at::native::tanh_kernel_cuda(at::TensorIteratorBase &)::[lambda() (instance 2)]::operator ()() const::[lambda() (instance 2)]::operator ()() const::[lambda(float) (instance 1)], at::detail::Array<char *, (int)2>>(int, T2, T3)"
963351098,1600,3132,512,1,1,128,1,1,22,0.000,0.000,,,,,NVIDIA GeForce RTX 4090 (0),1,,7,"void at::native::vectorized_elementwise_kernel<(int)4, at::native::BinaryFunctor<float, float, float, at::native::binary_internal::MulFunctor<float>>, at::detail::Array<char *, (int)3>>(int, T2, T3)"
963353434,3168,3144,16,1,1,32,16,1,26,0.000,0.000,,,,,NVIDIA GeForce RTX 4090 (0),1,,7,"void at::native::reduce_kernel<(int)512, (int)1, at::native::ReduceOp<float, at::native::MeanOps<float, float>, unsigned int, float, (int)4>>(T3)"
963357242,2048,3152,1024,1,1,128,1,1,16,0.000,0.000,,,,,NVIDIA GeForce RTX 4090 (0),1,,7,"void at::native::elementwise_kernel<(int)128, (int)2, void at::native::gpu_kernel_impl<at::native::CUDAFunctor_add<float>>(at::TensorIteratorBase &, const T1 &)::[lambda(int) (instance 1)]>(int, T3)"
963359930,16160,3172,32,2,1,128,1,1,96,0.000,0.098,,,,,NVIDIA GeForce RTX 4090 (0),1,,7,void cutlass::Kernel<cutlass_80_tensorop_s1688gemm_64x64_32x6_tn_align4>(T1::Params)
963376730,1568,3180,512,1,1,128,1,1,22,0.000,0.000,,,,,NVIDIA GeForce RTX 4090 (0),1,,7,"void at::native::vectorized_elementwise_kernel<(int)4, at::native::CUDAFunctor_add<float>, at::detail::Array<char *, (int)3>>(int, T2, T3)"
963378970,28799,3200,32,2,1,128,1,1,152,0.000,0.074,,,,,NVIDIA GeForce RTX 4090 (0),1,,7,void cutlass::Kernel<cutlass_80_tensorop_s1688gemm_128x64_16x6_tn_align4>(T1::Params)
963408441,2144,3208,1024,1,1,128,1,1,30,0.000,0.000,,,,,NVIDIA GeForce RTX 4090 (0),1,,7,"void at::native::vectorized_elementwise_kernel<(int)4, at::native::GeluCUDAKernelImpl(at::TensorIteratorBase &, at::native::GeluType)::[lambda() (instance 2)]::operator ()() const::[lambda() (instance 2)]::operator ()() const::[lambda(float) (instance 1)], at::detail::Array<char *, (int)2>>(int, T2, T3)"
963411257,29535,3228,32,2,1,128,1,1,96,0.000,0.098,,,,,NVIDIA GeForce RTX 4090 (0),1,,7,void cutlass::Kernel<cutlass_80_tensorop_s1688gemm_64x64_32x6_tn_align4>(T1::Params)
963441496,3360,3250,256,1,1,32,4,1,43,0.000,0.000,,,,,NVIDIA GeForce RTX 4090 (0),1,,7,"void at::native::<unnamed>::vectorized_layer_norm_kernel<float, float>(int, T2, const T1 *, const T1 *, const T1 *, T2 *, T2 *, T1 *)"
963445496,1536,3258,512,1,1,128,1,1,30,0.000,0.000,,,,,NVIDIA GeForce RTX 4090 (0),1,,7,"void at::native::vectorized_elementwise_kernel<(int)4, at::native::sin_kernel_cuda(at::TensorIteratorBase &)::[lambda() (instance 2)]::operator ()() const::[lambda() (instance 2)]::operator ()() const::[lambda(float) (instance 1)], at::detail::Array<char *, (int)2>>(int, T2, T3)"
963447735,1568,3266,512,1,1,128,1,1,17,0.000,0.000,,,,,NVIDIA GeForce RTX 4090 (0),1,,7,"void at::native::vectorized_elementwise_kernel<(int)4, at::native::tanh_kernel_cuda(at::TensorIteratorBase &)::[lambda() (instance 2)]::operator ()() const::[lambda() (instance 2)]::operator ()() const::[lambda(float) (instance 1)], at::detail::Array<char *, (int)2>>(int, T2, T3)"
963450007,1568,3274,512,1,1,128,1,1,22,0.000,0.000,,,,,NVIDIA GeForce RTX 4090 (0),1,,7,"void at::native::vectorized_elementwise_kernel<(int)4, at::native::BinaryFunctor<float, float, float, at::native::binary_internal::MulFunctor<float>>, at::detail::Array<char *, (int)3>>(int, T2, T3)"
963452215,3264,3286,16,1,1,32,16,1,26,0.000,0.000,,,,,NVIDIA GeForce RTX 4090 (0),1,,7,"void at::native::reduce_kernel<(int)512, (int)1, at::native::ReduceOp<float, at::native::MeanOps<float, float>, unsigned int, float, (int)4>>(T3)"
963456119,2048,3294,1024,1,1,128,1,1,16,0.000,0.000,,,,,NVIDIA GeForce RTX 4090 (0),1,,7,"void at::native::elementwise_kernel<(int)128, (int)2, void at::native::gpu_kernel_impl<at::native::CUDAFunctor_add<float>>(at::TensorIteratorBase &, const T1 &)::[lambda(int) (instance 1)]>(int, T3)"
963458807,16096,3314,32,2,1,128,1,1,96,0.000,0.098,,,,,NVIDIA GeForce RTX 4090 (0),1,,7,void cutlass::Kernel<cutlass_80_tensorop_s1688gemm_64x64_32x6_tn_align4>(T1::Params)
963475575,1568,3322,512,1,1,128,1,1,22,0.000,0.000,,,,,NVIDIA GeForce RTX 4090 (0),1,,7,"void at::native::vectorized_elementwise_kernel<(int)4, at::native::CUDAFunctor_add<float>, at::detail::Array<char *, (int)3>>(int, T2, T3)"
963477879,28895,3342,32,2,1,128,1,1,152,0.000,0.074,,,,,NVIDIA GeForce RTX 4090 (0),1,,7,void cutlass::Kernel<cutlass_80_tensorop_s1688gemm_128x64_16x6_tn_align4>(T1::Params)
963507478,2112,3350,1024,1,1,128,1,1,30,0.000,0.000,,,,,NVIDIA GeForce RTX 4090 (0),1,,7,"void at::native::vectorized_elementwise_kernel<(int)4, at::native::GeluCUDAKernelImpl(at::TensorIteratorBase &, at::native::GeluType)::[lambda() (instance 2)]::operator ()() const::[lambda() (instance 2)]::operator ()() const::[lambda(float) (instance 1)], at::detail::Array<char *, (int)2>>(int, T2, T3)"
963510230,29471,3370,32,2,1,128,1,1,96,0.000,0.098,,,,,NVIDIA GeForce RTX 4090 (0),1,,7,void cutlass::Kernel<cutlass_80_tensorop_s1688gemm_64x64_32x6_tn_align4>(T1::Params)
963540341,3392,3392,256,1,1,32,4,1,43,0.000,0.000,,,,,NVIDIA GeForce RTX 4090 (0),1,,7,"void at::native::<unnamed>::vectorized_layer_norm_kernel<float, float>(int, T2, const T1 *, const T1 *, const T1 *, T2 *, T2 *, T1 *)"
963544341,1535,3400,512,1,1,128,1,1,30,0.000,0.000,,,,,NVIDIA GeForce RTX 4090 (0),1,,7,"void at::native::vectorized_elementwise_kernel<(int)4, at::native::sin_kernel_cuda(at::TensorIteratorBase &)::[lambda() (instance 2)]::operator ()() const::[lambda() (instance 2)]::operator ()() const::[lambda(float) (instance 1)], at::detail::Array<char *, (int)2>>(int, T2, T3)"
963546580,1600,3408,512,1,1,128,1,1,17,0.000,0.000,,,,,NVIDIA GeForce RTX 4090 (0),1,,7,"void at::native::vectorized_elementwise_kernel<(int)4, at::native::tanh_kernel_cuda(at::TensorIteratorBase &)::[lambda() (instance 2)]::operator ()() const::[lambda() (instance 2)]::operator ()() const::[lambda(float) (instance 1)], at::detail::Array<char *, (int)2>>(int, T2, T3)"
963548820,1600,3416,512,1,1,128,1,1,22,0.000,0.000,,,,,NVIDIA GeForce RTX 4090 (0),1,,7,"void at::native::vectorized_elementwise_kernel<(int)4, at::native::BinaryFunctor<float, float, float, at::native::binary_internal::MulFunctor<float>>, at::detail::Array<char *, (int)3>>(int, T2, T3)"
963551156,3168,3428,16,1,1,32,16,1,26,0.000,0.000,,,,,NVIDIA GeForce RTX 4090 (0),1,,7,"void at::native::reduce_kernel<(int)512, (int)1, at::native::ReduceOp<float, at::native::MeanOps<float, float>, unsigned int, float, (int)4>>(T3)"
963554932,2016,3436,1024,1,1,128,1,1,16,0.000,0.000,,,,,NVIDIA GeForce RTX 4090 (0),1,,7,"void at::native::elementwise_kernel<(int)128, (int)2, void at::native::gpu_kernel_impl<at::native::CUDAFunctor_add<float>>(at::TensorIteratorBase &, const T1 &)::[lambda(int) (instance 1)]>(int, T3)"
963557620,16160,3456,32,2,1,128,1,1,96,0.000,0.098,,,,,NVIDIA GeForce RTX 4090 (0),1,,7,void cutlass::Kernel<cutlass_80_tensorop_s1688gemm_64x64_32x6_tn_align4>(T1::Params)
963574516,1568,3464,512,1,1,128,1,1,22,0.000,0.000,,,,,NVIDIA GeForce RTX 4090 (0),1,,7,"void at::native::vectorized_elementwise_kernel<(int)4, at::native::CUDAFunctor_add<float>, at::detail::Array<char *, (int)3>>(int, T2, T3)"
963576820,28831,3484,32,2,1,128,1,1,152,0.000,0.074,,,,,NVIDIA GeForce RTX 4090 (0),1,,7,void cutlass::Kernel<cutlass_80_tensorop_s1688gemm_128x64_16x6_tn_align4>(T1::Params)
963606387,2144,3492,1024,1,1,128,1,1,30,0.000,0.000,,,,,NVIDIA GeForce RTX 4090 (0),1,,7,"void at::native::vectorized_elementwise_kernel<(int)4, at::native::GeluCUDAKernelImpl(at::TensorIteratorBase &, at::native::GeluType)::[lambda() (instance 2)]::operator ()() const::[lambda() (instance 2)]::operator ()() const::[lambda(float) (instance 1)], at::detail::Array<char *, (int)2>>(int, T2, T3)"
963609299,29535,3512,32,2,1,128,1,1,96,0.000,0.098,,,,,NVIDIA GeForce RTX 4090 (0),1,,7,void cutlass::Kernel<cutlass_80_tensorop_s1688gemm_64x64_32x6_tn_align4>(T1::Params)
963639474,3424,3534,256,1,1,32,4,1,43,0.000,0.000,,,,,NVIDIA GeForce RTX 4090 (0),1,,7,"void at::native::<unnamed>::vectorized_layer_norm_kernel<float, float>(int, T2, const T1 *, const T1 *, const T1 *, T2 *, T2 *, T1 *)"
963643633,1504,3542,512,1,1,128,1,1,30,0.000,0.000,,,,,NVIDIA GeForce RTX 4090 (0),1,,7,"void at::native::vectorized_elementwise_kernel<(int)4, at::native::sin_kernel_cuda(at::TensorIteratorBase &)::[lambda() (instance 2)]::operator ()() const::[lambda() (instance 2)]::operator ()() const::[lambda(float) (instance 1)], at::detail::Array<char *, (int)2>>(int, T2, T3)"
963645873,1568,3550,512,1,1,128,1,1,17,0.000,0.000,,,,,NVIDIA GeForce RTX 4090 (0),1,,7,"void at::native::vectorized_elementwise_kernel<(int)4, at::native::tanh_kernel_cuda(at::TensorIteratorBase &)::[lambda() (instance 2)]::operator ()() const::[lambda() (instance 2)]::operator ()() const::[lambda(float) (instance 1)], at::detail::Array<char *, (int)2>>(int, T2, T3)"
963648113,1568,3558,512,1,1,128,1,1,22,0.000,0.000,,,,,NVIDIA GeForce RTX 4090 (0),1,,7,"void at::native::vectorized_elementwise_kernel<(int)4, at::native::BinaryFunctor<float, float, float, at::native::binary_internal::MulFunctor<float>>, at::detail::Array<char *, (int)3>>(int, T2, T3)"
963650321,3232,3570,16,1,1,32,16,1,26,0.000,0.000,,,,,NVIDIA GeForce RTX 4090 (0),1,,7,"void at::native::reduce_kernel<(int)512, (int)1, at::native::ReduceOp<float, at::native::MeanOps<float, float>, unsigned int, float, (int)4>>(T3)"
963654257,2016,3578,1024,1,1,128,1,1,16,0.000,0.000,,,,,NVIDIA GeForce RTX 4090 (0),1,,7,"void at::native::elementwise_kernel<(int)128, (int)2, void at::native::gpu_kernel_impl<at::native::CUDAFunctor_add<float>>(at::TensorIteratorBase &, const T1 &)::[lambda(int) (instance 1)]>(int, T3)"
963656945,16096,3598,32,2,1,128,1,1,96,0.000,0.098,,,,,NVIDIA GeForce RTX 4090 (0),1,,7,void cutlass::Kernel<cutlass_80_tensorop_s1688gemm_64x64_32x6_tn_align4>(T1::Params)
963673777,1600,3606,512,1,1,128,1,1,22,0.000,0.000,,,,,NVIDIA GeForce RTX 4090 (0),1,,7,"void at::native::vectorized_elementwise_kernel<(int)4, at::native::CUDAFunctor_add<float>, at::detail::Array<char *, (int)3>>(int, T2, T3)"
963676081,28863,3626,32,2,1,128,1,1,152,0.000,0.074,,,,,NVIDIA GeForce RTX 4090 (0),1,,7,void cutlass::Kernel<cutlass_80_tensorop_s1688gemm_128x64_16x6_tn_align4>(T1::Params)
963705648,2112,3634,1024,1,1,128,1,1,30,0.000,0.000,,,,,NVIDIA GeForce RTX 4090 (0),1,,7,"void at::native::vectorized_elementwise_kernel<(int)4, at::native::GeluCUDAKernelImpl(at::TensorIteratorBase &, at::native::GeluType)::[lambda() (instance 2)]::operator ()() const::[lambda() (instance 2)]::operator ()() const::[lambda(float) (instance 1)], at::detail::Array<char *, (int)2>>(int, T2, T3)"
963708528,29471,3654,32,2,1,128,1,1,96,0.000,0.098,,,,,NVIDIA GeForce RTX 4090 (0),1,,7,void cutlass::Kernel<cutlass_80_tensorop_s1688gemm_64x64_32x6_tn_align4>(T1::Params)
963738703,3391,3676,256,1,1,32,4,1,43,0.000,0.000,,,,,NVIDIA GeForce RTX 4090 (0),1,,7,"void at::native::<unnamed>::vectorized_layer_norm_kernel<float, float>(int, T2, const T1 *, const T1 *, const T1 *, T2 *, T2 *, T1 *)"
963742734,1536,3684,512,1,1,128,1,1,30,0.000,0.000,,,,,NVIDIA GeForce RTX 4090 (0),1,,7,"void at::native::vectorized_elementwise_kernel<(int)4, at::native::sin_kernel_cuda(at::TensorIteratorBase &)::[lambda() (instance 2)]::operator ()() const::[lambda() (instance 2)]::operator ()() const::[lambda(float) (instance 1)], at::detail::Array<char *, (int)2>>(int, T2, T3)"
963745006,1568,3692,512,1,1,128,1,1,17,0.000,0.000,,,,,NVIDIA GeForce RTX 4090 (0),1,,7,"void at::native::vectorized_elementwise_kernel<(int)4, at::native::tanh_kernel_cuda(at::TensorIteratorBase &)::[lambda() (instance 2)]::operator ()() const::[lambda() (instance 2)]::operator ()() const::[lambda(float) (instance 1)], at::detail::Array<char *, (int)2>>(int, T2, T3)"
963747246,1600,3700,512,1,1,128,1,1,22,0.000,0.000,,,,,NVIDIA GeForce RTX 4090 (0),1,,7,"void at::native::vectorized_elementwise_kernel<(int)4, at::native::BinaryFunctor<float, float, float, at::native::binary_internal::MulFunctor<float>>, at::detail::Array<char *, (int)3>>(int, T2, T3)"
963749582,3232,3712,16,1,1,32,16,1,26,0.000,0.000,,,,,NVIDIA GeForce RTX 4090 (0),1,,7,"void at::native::reduce_kernel<(int)512, (int)1, at::native::ReduceOp<float, at::native::MeanOps<float, float>, unsigned int, float, (int)4>>(T3)"
963753550,2016,3720,1024,1,1,128,1,1,16,0.000,0.000,,,,,NVIDIA GeForce RTX 4090 (0),1,,7,"void at::native::elementwise_kernel<(int)128, (int)2, void at::native::gpu_kernel_impl<at::native::CUDAFunctor_add<float>>(at::TensorIteratorBase &, const T1 &)::[lambda(int) (instance 1)]>(int, T3)"
963756238,16192,3740,32,2,1,128,1,1,96,0.000,0.098,,,,,NVIDIA GeForce RTX 4090 (0),1,,7,void cutlass::Kernel<cutlass_80_tensorop_s1688gemm_64x64_32x6_tn_align4>(T1::Params)
963773070,1567,3748,512,1,1,128,1,1,22,0.000,0.000,,,,,NVIDIA GeForce RTX 4090 (0),1,,7,"void at::native::vectorized_elementwise_kernel<(int)4, at::native::CUDAFunctor_add<float>, at::detail::Array<char *, (int)3>>(int, T2, T3)"
963775373,28864,3768,32,2,1,128,1,1,152,0.000,0.074,,,,,NVIDIA GeForce RTX 4090 (0),1,,7,void cutlass::Kernel<cutlass_80_tensorop_s1688gemm_128x64_16x6_tn_align4>(T1::Params)
963804877,2112,3776,1024,1,1,128,1,1,30,0.000,0.000,,,,,NVIDIA GeForce RTX 4090 (0),1,,7,"void at::native::vectorized_elementwise_kernel<(int)4, at::native::GeluCUDAKernelImpl(at::TensorIteratorBase &, at::native::GeluType)::[lambda() (instance 2)]::operator ()() const::[lambda() (instance 2)]::operator ()() const::[lambda(float) (instance 1)], at::detail::Array<char *, (int)2>>(int, T2, T3)"
963807628,29504,3796,32,2,1,128,1,1,96,0.000,0.098,,,,,NVIDIA GeForce RTX 4090 (0),1,,7,void cutlass::Kernel<cutlass_80_tensorop_s1688gemm_64x64_32x6_tn_align4>(T1::Params)
963837804,3391,3818,256,1,1,32,4,1,43,0.000,0.000,,,,,NVIDIA GeForce RTX 4090 (0),1,,7,"void at::native::<unnamed>::vectorized_layer_norm_kernel<float, float>(int, T2, const T1 *, const T1 *, const T1 *, T2 *, T2 *, T1 *)"
963841899,1536,3826,512,1,1,128,1,1,30,0.000,0.000,,,,,NVIDIA GeForce RTX 4090 (0),1,,7,"void at::native::vectorized_elementwise_kernel<(int)4, at::native::sin_kernel_cuda(at::TensorIteratorBase &)::[lambda() (instance 2)]::operator ()() const::[lambda() (instance 2)]::operator ()() const::[lambda(float) (instance 1)], at::detail::Array<char *, (int)2>>(int, T2, T3)"
963844139,1600,3834,512,1,1,128,1,1,17,0.000,0.000,,,,,NVIDIA GeForce RTX 4090 (0),1,,7,"void at::native::vectorized_elementwise_kernel<(int)4, at::native::tanh_kernel_cuda(at::TensorIteratorBase &)::[lambda() (instance 2)]::operator ()() const::[lambda() (instance 2)]::operator ()() const::[lambda(float) (instance 1)], at::detail::Array<char *, (int)2>>(int, T2, T3)"
963846347,1536,3842,512,1,1,128,1,1,22,0.000,0.000,,,,,NVIDIA GeForce RTX 4090 (0),1,,7,"void at::native::vectorized_elementwise_kernel<(int)4, at::native::BinaryFunctor<float, float, float, at::native::binary_internal::MulFunctor<float>>, at::detail::Array<char *, (int)3>>(int, T2, T3)"
963848523,3296,3854,16,1,1,32,16,1,26,0.000,0.000,,,,,NVIDIA GeForce RTX 4090 (0),1,,7,"void at::native::reduce_kernel<(int)512, (int)1, at::native::ReduceOp<float, at::native::MeanOps<float, float>, unsigned int, float, (int)4>>(T3)"
963852491,2048,3862,1024,1,1,128,1,1,16,0.000,0.000,,,,,NVIDIA GeForce RTX 4090 (0),1,,7,"void at::native::elementwise_kernel<(int)128, (int)2, void at::native::gpu_kernel_impl<at::native::CUDAFunctor_add<float>>(at::TensorIteratorBase &, const T1 &)::[lambda(int) (instance 1)]>(int, T3)"
963855211,16096,3882,32,2,1,128,1,1,96,0.000,0.098,,,,,NVIDIA GeForce RTX 4090 (0),1,,7,void cutlass::Kernel<cutlass_80_tensorop_s1688gemm_64x64_32x6_tn_align4>(T1::Params)
963871947,1567,3890,512,1,1,128,1,1,22,0.000,0.000,,,,,NVIDIA GeForce RTX 4090 (0),1,,7,"void at::native::vectorized_elementwise_kernel<(int)4, at::native::CUDAFunctor_add<float>, at::detail::Array<char *, (int)3>>(int, T2, T3)"
963874122,28896,3910,32,2,1,128,1,1,152,0.000,0.074,,,,,NVIDIA GeForce RTX 4090 (0),1,,7,void cutlass::Kernel<cutlass_80_tensorop_s1688gemm_128x64_16x6_tn_align4>(T1::Params)
963903786,2111,3918,1024,1,1,128,1,1,30,0.000,0.000,,,,,NVIDIA GeForce RTX 4090 (0),1,,7,"void at::native::vectorized_elementwise_kernel<(int)4, at::native::GeluCUDAKernelImpl(at::TensorIteratorBase &, at::native::GeluType)::[lambda() (instance 2)]::operator ()() const::[lambda() (instance 2)]::operator ()() const::[lambda(float) (instance 1)], at::detail::Array<char *, (int)2>>(int, T2, T3)"
963906537,29440,3938,32,2,1,128,1,1,96,0.000,0.098,,,,,NVIDIA GeForce RTX 4090 (0),1,,7,void cutlass::Kernel<cutlass_80_tensorop_s1688gemm_64x64_32x6_tn_align4>(T1::Params)
963936617,3391,3960,256,1,1,32,4,1,43,0.000,0.000,,,,,NVIDIA GeForce RTX 4090 (0),1,,7,"void at::native::<unnamed>::vectorized_layer_norm_kernel<float, float>(int, T2, const T1 *, const T1 *, const T1 *, T2 *, T2 *, T1 *)"
963940648,1536,3968,512,1,1,128,1,1,30,0.000,0.000,,,,,NVIDIA GeForce RTX 4090 (0),1,,7,"void at::native::vectorized_elementwise_kernel<(int)4, at::native::sin_kernel_cuda(at::TensorIteratorBase &)::[lambda() (instance 2)]::operator ()() const::[lambda() (instance 2)]::operator ()() const::[lambda(float) (instance 1)], at::detail::Array<char *, (int)2>>(int, T2, T3)"
963942888,1600,3976,512,1,1,128,1,1,17,0.000,0.000,,,,,NVIDIA GeForce RTX 4090 (0),1,,7,"void at::native::vectorized_elementwise_kernel<(int)4, at::native::tanh_kernel_cuda(at::TensorIteratorBase &)::[lambda() (instance 2)]::operator ()() const::[lambda() (instance 2)]::operator ()() const::[lambda(float) (instance 1)], at::detail::Array<char *, (int)2>>(int, T2, T3)"
963945160,1600,3984,512,1,1,128,1,1,22,0.000,0.000,,,,,NVIDIA GeForce RTX 4090 (0),1,,7,"void at::native::vectorized_elementwise_kernel<(int)4, at::native::BinaryFunctor<float, float, float, at::native::binary_internal::MulFunctor<float>>, at::detail::Array<char *, (int)3>>(int, T2, T3)"
963947400,3168,3996,16,1,1,32,16,1,26,0.000,0.000,,,,,NVIDIA GeForce RTX 4090 (0),1,,7,"void at::native::reduce_kernel<(int)512, (int)1, at::native::ReduceOp<float, at::native::MeanOps<float, float>, unsigned int, float, (int)4>>(T3)"
963951336,2016,4004,1024,1,1,128,1,1,16,0.000,0.000,,,,,NVIDIA GeForce RTX 4090 (0),1,,7,"void at::native::elementwise_kernel<(int)128, (int)2, void at::native::gpu_kernel_impl<at::native::CUDAFunctor_add<float>>(at::TensorIteratorBase &, const T1 &)::[lambda(int) (instance 1)]>(int, T3)"
963954024,16160,4024,32,2,1,128,1,1,96,0.000,0.098,,,,,NVIDIA GeForce RTX 4090 (0),1,,7,void cutlass::Kernel<cutlass_80_tensorop_s1688gemm_64x64_32x6_tn_align4>(T1::Params)
963970887,1568,4032,512,1,1,128,1,1,22,0.000,0.000,,,,,NVIDIA GeForce RTX 4090 (0),1,,7,"void at::native::vectorized_elementwise_kernel<(int)4, at::native::CUDAFunctor_add<float>, at::detail::Array<char *, (int)3>>(int, T2, T3)"
963973159,28832,4052,32,2,1,128,1,1,152,0.000,0.074,,,,,NVIDIA GeForce RTX 4090 (0),1,,7,void cutlass::Kernel<cutlass_80_tensorop_s1688gemm_128x64_16x6_tn_align4>(T1::Params)
964002727,2175,4060,1024,1,1,128,1,1,30,0.000,0.000,,,,,NVIDIA GeForce RTX 4090 (0),1,,7,"void at::native::vectorized_elementwise_kernel<(int)4, at::native::GeluCUDAKernelImpl(at::TensorIteratorBase &, at::native::GeluType)::[lambda() (instance 2)]::operator ()() const::[lambda() (instance 2)]::operator ()() const::[lambda(float) (instance 1)], at::detail::Array<char *, (int)2>>(int, T2, T3)"
964005638,29472,4080,32,2,1,128,1,1,96,0.000,0.098,,,,,NVIDIA GeForce RTX 4090 (0),1,,7,void cutlass::Kernel<cutlass_80_tensorop_s1688gemm_64x64_32x6_tn_align4>(T1::Params)
964035718,3359,4102,256,1,1,32,4,1,43,0.000,0.000,,,,,NVIDIA GeForce RTX 4090 (0),1,,7,"void at::native::<unnamed>::vectorized_layer_norm_kernel<float, float>(int, T2, const T1 *, const T1 *, const T1 *, T2 *, T2 *, T1 *)"
964039749,1536,4110,512,1,1,128,1,1,30,0.000,0.000,,,,,NVIDIA GeForce RTX 4090 (0),1,,7,"void at::native::vectorized_elementwise_kernel<(int)4, at::native::sin_kernel_cuda(at::TensorIteratorBase &)::[lambda() (instance 2)]::operator ()() const::[lambda() (instance 2)]::operator ()() const::[lambda(float) (instance 1)], at::detail::Array<char *, (int)2>>(int, T2, T3)"
964041989,1600,4118,512,1,1,128,1,1,17,0.000,0.000,,,,,NVIDIA GeForce RTX 4090 (0),1,,7,"void at::native::vectorized_elementwise_kernel<(int)4, at::native::tanh_kernel_cuda(at::TensorIteratorBase &)::[lambda() (instance 2)]::operator ()() const::[lambda() (instance 2)]::operator ()() const::[lambda(float) (instance 1)], at::detail::Array<char *, (int)2>>(int, T2, T3)"
964044261,1568,4126,512,1,1,128,1,1,22,0.000,0.000,,,,,NVIDIA GeForce RTX 4090 (0),1,,7,"void at::native::vectorized_elementwise_kernel<(int)4, at::native::BinaryFunctor<float, float, float, at::native::binary_internal::MulFunctor<float>>, at::detail::Array<char *, (int)3>>(int, T2, T3)"
964046469,3232,4138,16,1,1,32,16,1,26,0.000,0.000,,,,,NVIDIA GeForce RTX 4090 (0),1,,7,"void at::native::reduce_kernel<(int)512, (int)1, at::native::ReduceOp<float, at::native::MeanOps<float, float>, unsigned int, float, (int)4>>(T3)"
964050373,2048,4146,1024,1,1,128,1,1,16,0.000,0.000,,,,,NVIDIA GeForce RTX 4090 (0),1,,7,"void at::native::elementwise_kernel<(int)128, (int)2, void at::native::gpu_kernel_impl<at::native::CUDAFunctor_add<float>>(at::TensorIteratorBase &, const T1 &)::[lambda(int) (instance 1)]>(int, T3)"
964053061,16095,4166,32,2,1,128,1,1,96,0.000,0.098,,,,,NVIDIA GeForce RTX 4090 (0),1,,7,void cutlass::Kernel<cutlass_80_tensorop_s1688gemm_64x64_32x6_tn_align4>(T1::Params)
964069796,1600,4174,512,1,1,128,1,1,22,0.000,0.000,,,,,NVIDIA GeForce RTX 4090 (0),1,,7,"void at::native::vectorized_elementwise_kernel<(int)4, at::native::CUDAFunctor_add<float>, at::detail::Array<char *, (int)3>>(int, T2, T3)"
964072100,28928,4194,32,2,1,128,1,1,152,0.000,0.074,,,,,NVIDIA GeForce RTX 4090 (0),1,,7,void cutlass::Kernel<cutlass_80_tensorop_s1688gemm_128x64_16x6_tn_align4>(T1::Params)
964101731,2112,4202,1024,1,1,128,1,1,30,0.000,0.000,,,,,NVIDIA GeForce RTX 4090 (0),1,,7,"void at::native::vectorized_elementwise_kernel<(int)4, at::native::GeluCUDAKernelImpl(at::TensorIteratorBase &, at::native::GeluType)::[lambda() (instance 2)]::operator ()() const::[lambda() (instance 2)]::operator ()() const::[lambda(float) (instance 1)], at::detail::Array<char *, (int)2>>(int, T2, T3)"
964104547,29440,4222,32,2,1,128,1,1,96,0.000,0.098,,,,,NVIDIA GeForce RTX 4090 (0),1,,7,void cutlass::Kernel<cutlass_80_tensorop_s1688gemm_64x64_32x6_tn_align4>(T1::Params)
964134658,3360,4244,256,1,1,32,4,1,43,0.000,0.000,,,,,NVIDIA GeForce RTX 4090 (0),1,,7,"void at::native::<unnamed>::vectorized_layer_norm_kernel<float, float>(int, T2, const T1 *, const T1 *, const T1 *, T2 *, T2 *, T1 *)"
964138690,1536,4252,512,1,1,128,1,1,30,0.000,0.000,,,,,NVIDIA GeForce RTX 4090 (0),1,,7,"void at::native::vectorized_elementwise_kernel<(int)4, at::native::sin_kernel_cuda(at::TensorIteratorBase &)::[lambda() (instance 2)]::operator ()() const::[lambda() (instance 2)]::operator ()() const::[lambda(float) (instance 1)], at::detail::Array<char *, (int)2>>(int, T2, T3)"
964140930,1568,4260,512,1,1,128,1,1,17,0.000,0.000,,,,,NVIDIA GeForce RTX 4090 (0),1,,7,"void at::native::vectorized_elementwise_kernel<(int)4, at::native::tanh_kernel_cuda(at::TensorIteratorBase &)::[lambda() (instance 2)]::operator ()() const::[lambda() (instance 2)]::operator ()() const::[lambda(float) (instance 1)], at::detail::Array<char *, (int)2>>(int, T2, T3)"
964143170,1600,4268,512,1,1,128,1,1,22,0.000,0.000,,,,,NVIDIA GeForce RTX 4090 (0),1,,7,"void at::native::vectorized_elementwise_kernel<(int)4, at::native::BinaryFunctor<float, float, float, at::native::binary_internal::MulFunctor<float>>, at::detail::Array<char *, (int)3>>(int, T2, T3)"
964145506,3168,4280,16,1,1,32,16,1,26,0.000,0.000,,,,,NVIDIA GeForce RTX 4090 (0),1,,7,"void at::native::reduce_kernel<(int)512, (int)1, at::native::ReduceOp<float, at::native::MeanOps<float, float>, unsigned int, float, (int)4>>(T3)"
964149442,2016,4288,1024,1,1,128,1,1,16,0.000,0.000,,,,,NVIDIA GeForce RTX 4090 (0),1,,7,"void at::native::elementwise_kernel<(int)128, (int)2, void at::native::gpu_kernel_impl<at::native::CUDAFunctor_add<float>>(at::TensorIteratorBase &, const T1 &)::[lambda(int) (instance 1)]>(int, T3)"
964152130,16127,4308,32,2,1,128,1,1,96,0.000,0.098,,,,,NVIDIA GeForce RTX 4090 (0),1,,7,void cutlass::Kernel<cutlass_80_tensorop_s1688gemm_64x64_32x6_tn_align4>(T1::Params)
964168865,1568,4316,512,1,1,128,1,1,22,0.000,0.000,,,,,NVIDIA GeForce RTX 4090 (0),1,,7,"void at::native::vectorized_elementwise_kernel<(int)4, at::native::CUDAFunctor_add<float>, at::detail::Array<char *, (int)3>>(int, T2, T3)"
964171041,28863,4336,32,2,1,128,1,1,152,0.000,0.074,,,,,NVIDIA GeForce RTX 4090 (0),1,,7,void cutlass::Kernel<cutlass_80_tensorop_s1688gemm_128x64_16x6_tn_align4>(T1::Params)
964200608,2144,4344,1024,1,1,128,1,1,30,0.000,0.000,,,,,NVIDIA GeForce RTX 4090 (0),1,,7,"void at::native::vectorized_elementwise_kernel<(int)4, at::native::GeluCUDAKernelImpl(at::TensorIteratorBase &, at::native::GeluType)::[lambda() (instance 2)]::operator ()() const::[lambda() (instance 2)]::operator ()() const::[lambda(float) (instance 1)], at::detail::Array<char *, (int)2>>(int, T2, T3)"
964203520,29471,4364,32,2,1,128,1,1,96,0.000,0.098,,,,,NVIDIA GeForce RTX 4090 (0),1,,7,void cutlass::Kernel<cutlass_80_tensorop_s1688gemm_64x64_32x6_tn_align4>(T1::Params)
964233631,3424,4386,256,1,1,32,4,1,43,0.000,0.000,,,,,NVIDIA GeForce RTX 4090 (0),1,,7,"void at::native::<unnamed>::vectorized_layer_norm_kernel<float, float>(int, T2, const T1 *, const T1 *, const T1 *, T2 *, T2 *, T1 *)"
964237791,1536,4394,512,1,1,128,1,1,30,0.000,0.000,,,,,NVIDIA GeForce RTX 4090 (0),1,,7,"void at::native::vectorized_elementwise_kernel<(int)4, at::native::sin_kernel_cuda(at::TensorIteratorBase &)::[lambda() (instance 2)]::operator ()() const::[lambda() (instance 2)]::operator ()() const::[lambda(float) (instance 1)], at::detail::Array<char *, (int)2>>(int, T2, T3)"
964239967,1600,4402,512,1,1,128,1,1,17,0.000,0.000,,,,,NVIDIA GeForce RTX 4090 (0),1,,7,"void at::native::vectorized_elementwise_kernel<(int)4, at::native::tanh_kernel_cuda(at::TensorIteratorBase &)::[lambda() (instance 2)]::operator ()() const::[lambda() (instance 2)]::operator ()() const::[lambda(float) (instance 1)], at::detail::Array<char *, (int)2>>(int, T2, T3)"
964242239,1568,4410,512,1,1,128,1,1,22,0.000,0.000,,,,,NVIDIA GeForce RTX 4090 (0),1,,7,"void at::native::vectorized_elementwise_kernel<(int)4, at::native::BinaryFunctor<float, float, float, at::native::binary_internal::MulFunctor<float>>, at::detail::Array<char *, (int)3>>(int, T2, T3)"
964244447,3296,4422,16,1,1,32,16,1,26,0.000,0.000,,,,,NVIDIA GeForce RTX 4090 (0),1,,7,"void at::native::reduce_kernel<(int)512, (int)1, at::native::ReduceOp<float, at::native::MeanOps<float, float>, unsigned int, float, (int)4>>(T3)"
964248447,2016,4430,1024,1,1,128,1,1,16,0.000,0.000,,,,,NVIDIA GeForce RTX 4090 (0),1,,7,"void at::native::elementwise_kernel<(int)128, (int)2, void at::native::gpu_kernel_impl<at::native::CUDAFunctor_add<float>>(at::TensorIteratorBase &, const T1 &)::[lambda(int) (instance 1)]>(int, T3)"
964251135,16095,4450,32,2,1,128,1,1,96,0.000,0.098,,,,,NVIDIA GeForce RTX 4090 (0),1,,7,void cutlass::Kernel<cutlass_80_tensorop_s1688gemm_64x64_32x6_tn_align4>(T1::Params)
964267966,1600,4458,512,1,1,128,1,1,22,0.000,0.000,,,,,NVIDIA GeForce RTX 4090 (0),1,,7,"void at::native::vectorized_elementwise_kernel<(int)4, at::native::CUDAFunctor_add<float>, at::detail::Array<char *, (int)3>>(int, T2, T3)"
964270270,28863,4478,32,2,1,128,1,1,152,0.000,0.074,,,,,NVIDIA GeForce RTX 4090 (0),1,,7,void cutlass::Kernel<cutlass_80_tensorop_s1688gemm_128x64_16x6_tn_align4>(T1::Params)
964299805,2144,4486,1024,1,1,128,1,1,30,0.000,0.000,,,,,NVIDIA GeForce RTX 4090 (0),1,,7,"void at::native::vectorized_elementwise_kernel<(int)4, at::native::GeluCUDAKernelImpl(at::TensorIteratorBase &, at::native::GeluType)::[lambda() (instance 2)]::operator ()() const::[lambda() (instance 2)]::operator ()() const::[lambda(float) (instance 1)], at::detail::Array<char *, (int)2>>(int, T2, T3)"
964302557,29439,4506,32,2,1,128,1,1,96,0.000,0.098,,,,,NVIDIA GeForce RTX 4090 (0),1,,7,void cutlass::Kernel<cutlass_80_tensorop_s1688gemm_64x64_32x6_tn_align4>(T1::Params)
964332732,3360,4528,256,1,1,32,4,1,43,0.000,0.000,,,,,NVIDIA GeForce RTX 4090 (0),1,,7,"void at::native::<unnamed>::vectorized_layer_norm_kernel<float, float>(int, T2, const T1 *, const T1 *, const T1 *, T2 *, T2 *, T1 *)"
964336796,1536,4536,512,1,1,128,1,1,30,0.000,0.000,,,,,NVIDIA GeForce RTX 4090 (0),1,,7,"void at::native::vectorized_elementwise_kernel<(int)4, at::native::sin_kernel_cuda(at::TensorIteratorBase &)::[lambda() (instance 2)]::operator ()() const::[lambda() (instance 2)]::operator ()() const::[lambda(float) (instance 1)], at::detail::Array<char *, (int)2>>(int, T2, T3)"
964339004,1568,4544,512,1,1,128,1,1,17,0.000,0.000,,,,,NVIDIA GeForce RTX 4090 (0),1,,7,"void at::native::vectorized_elementwise_kernel<(int)4, at::native::tanh_kernel_cuda(at::TensorIteratorBase &)::[lambda() (instance 2)]::operator ()() const::[lambda() (instance 2)]::operator ()() const::[lambda(float) (instance 1)], at::detail::Array<char *, (int)2>>(int, T2, T3)"
964341276,1568,4552,512,1,1,128,1,1,22,0.000,0.000,,,,,NVIDIA GeForce RTX 4090 (0),1,,7,"void at::native::vectorized_elementwise_kernel<(int)4, at::native::BinaryFunctor<float, float, float, at::native::binary_internal::MulFunctor<float>>, at::detail::Array<char *, (int)3>>(int, T2, T3)"
964343580,3200,4564,16,1,1,32,16,1,26,0.000,0.000,,,,,NVIDIA GeForce RTX 4090 (0),1,,7,"void at::native::reduce_kernel<(int)512, (int)1, at::native::ReduceOp<float, at::native::MeanOps<float, float>, unsigned int, float, (int)4>>(T3)"
964347452,2016,4572,1024,1,1,128,1,1,16,0.000,0.000,,,,,NVIDIA GeForce RTX 4090 (0),1,,7,"void at::native::elementwise_kernel<(int)128, (int)2, void at::native::gpu_kernel_impl<at::native::CUDAFunctor_add<float>>(at::TensorIteratorBase &, const T1 &)::[lambda(int) (instance 1)]>(int, T3)"
964350140,16159,4592,32,2,1,128,1,1,96,0.000,0.098,,,,,NVIDIA GeForce RTX 4090 (0),1,,7,void cutlass::Kernel<cutlass_80_tensorop_s1688gemm_64x64_32x6_tn_align4>(T1::Params)
964367035,1568,4600,512,1,1,128,1,1,22,0.000,0.000,,,,,NVIDIA GeForce RTX 4090 (0),1,,7,"void at::native::vectorized_elementwise_kernel<(int)4, at::native::CUDAFunctor_add<float>, at::detail::Array<char *, (int)3>>(int, T2, T3)"
964369339,28863,4620,32,2,1,128,1,1,152,0.000,0.074,,,,,NVIDIA GeForce RTX 4090 (0),1,,7,void cutlass::Kernel<cutlass_80_tensorop_s1688gemm_128x64_16x6_tn_align4>(T1::Params)
964398842,2176,4628,1024,1,1,128,1,1,30,0.000,0.000,,,,,NVIDIA GeForce RTX 4090 (0),1,,7,"void at::native::vectorized_elementwise_kernel<(int)4, at::native::GeluCUDAKernelImpl(at::TensorIteratorBase &, at::native::GeluType)::[lambda() (instance 2)]::operator ()() const::[lambda() (instance 2)]::operator ()() const::[lambda(float) (instance 1)], at::detail::Array<char *, (int)2>>(int, T2, T3)"
964401754,29503,4648,32,2,1,128,1,1,96,0.000,0.098,,,,,NVIDIA GeForce RTX 4090 (0),1,,7,void cutlass::Kernel<cutlass_80_tensorop_s1688gemm_64x64_32x6_tn_align4>(T1::Params)
964431961,3328,4670,256,1,1,32,4,1,43,0.000,0.000,,,,,NVIDIA GeForce RTX 4090 (0),1,,7,"void at::native::<unnamed>::vectorized_layer_norm_kernel<float, float>(int, T2, const T1 *, const T1 *, const T1 *, T2 *, T2 *, T1 *)"
964436025,1536,4678,512,1,1,128,1,1,30,0.000,0.000,,,,,NVIDIA GeForce RTX 4090 (0),1,,7,"void at::native::vectorized_elementwise_kernel<(int)4, at::native::sin_kernel_cuda(at::TensorIteratorBase &)::[lambda() (instance 2)]::operator ()() const::[lambda() (instance 2)]::operator ()() const::[lambda(float) (instance 1)], at::detail::Array<char *, (int)2>>(int, T2, T3)"
964438265,1600,4686,512,1,1,128,1,1,17,0.000,0.000,,,,,NVIDIA GeForce RTX 4090 (0),1,,7,"void at::native::vectorized_elementwise_kernel<(int)4, at::native::tanh_kernel_cuda(at::TensorIteratorBase &)::[lambda() (instance 2)]::operator ()() const::[lambda() (instance 2)]::operator ()() const::[lambda(float) (instance 1)], at::detail::Array<char *, (int)2>>(int, T2, T3)"
964440665,1568,4694,512,1,1,128,1,1,22,0.000,0.000,,,,,NVIDIA GeForce RTX 4090 (0),1,,7,"void at::native::vectorized_elementwise_kernel<(int)4, at::native::BinaryFunctor<float, float, float, at::native::binary_internal::MulFunctor<float>>, at::detail::Array<char *, (int)3>>(int, T2, T3)"
964442969,3296,4706,16,1,1,32,16,1,26,0.000,0.000,,,,,NVIDIA GeForce RTX 4090 (0),1,,7,"void at::native::reduce_kernel<(int)512, (int)1, at::native::ReduceOp<float, at::native::MeanOps<float, float>, unsigned int, float, (int)4>>(T3)"
964446905,2016,4714,1024,1,1,128,1,1,16,0.000,0.000,,,,,NVIDIA GeForce RTX 4090 (0),1,,7,"void at::native::elementwise_kernel<(int)128, (int)2, void at::native::gpu_kernel_impl<at::native::CUDAFunctor_add<float>>(at::TensorIteratorBase &, const T1 &)::[lambda(int) (instance 1)]>(int, T3)"
964449625,16095,4734,32,2,1,128,1,1,96,0.000,0.098,,,,,NVIDIA GeForce RTX 4090 (0),1,,7,void cutlass::Kernel<cutlass_80_tensorop_s1688gemm_64x64_32x6_tn_align4>(T1::Params)
964466488,1600,4742,512,1,1,128,1,1,22,0.000,0.000,,,,,NVIDIA GeForce RTX 4090 (0),1,,7,"void at::native::vectorized_elementwise_kernel<(int)4, at::native::CUDAFunctor_add<float>, at::detail::Array<char *, (int)3>>(int, T2, T3)"
964468792,28895,4762,32,2,1,128,1,1,152,0.000,0.074,,,,,NVIDIA GeForce RTX 4090 (0),1,,7,void cutlass::Kernel<cutlass_80_tensorop_s1688gemm_128x64_16x6_tn_align4>(T1::Params)
964498359,2144,4770,1024,1,1,128,1,1,30,0.000,0.000,,,,,NVIDIA GeForce RTX 4090 (0),1,,7,"void at::native::vectorized_elementwise_kernel<(int)4, at::native::GeluCUDAKernelImpl(at::TensorIteratorBase &, at::native::GeluType)::[lambda() (instance 2)]::operator ()() const::[lambda() (instance 2)]::operator ()() const::[lambda(float) (instance 1)], at::detail::Array<char *, (int)2>>(int, T2, T3)"
964501239,29471,4790,32,2,1,128,1,1,96,0.000,0.098,,,,,NVIDIA GeForce RTX 4090 (0),1,,7,void cutlass::Kernel<cutlass_80_tensorop_s1688gemm_64x64_32x6_tn_align4>(T1::Params)
964531350,3360,4812,256,1,1,32,4,1,43,0.000,0.000,,,,,NVIDIA GeForce RTX 4090 (0),1,,7,"void at::native::<unnamed>::vectorized_layer_norm_kernel<float, float>(int, T2, const T1 *, const T1 *, const T1 *, T2 *, T2 *, T1 *)"
964535382,1536,4820,512,1,1,128,1,1,30,0.000,0.000,,,,,NVIDIA GeForce RTX 4090 (0),1,,7,"void at::native::vectorized_elementwise_kernel<(int)4, at::native::sin_kernel_cuda(at::TensorIteratorBase &)::[lambda() (instance 2)]::operator ()() const::[lambda() (instance 2)]::operator ()() const::[lambda(float) (instance 1)], at::detail::Array<char *, (int)2>>(int, T2, T3)"
964537590,1600,4828,512,1,1,128,1,1,17,0.000,0.000,,,,,NVIDIA GeForce RTX 4090 (0),1,,7,"void at::native::vectorized_elementwise_kernel<(int)4, at::native::tanh_kernel_cuda(at::TensorIteratorBase &)::[lambda() (instance 2)]::operator ()() const::[lambda() (instance 2)]::operator ()() const::[lambda(float) (instance 1)], at::detail::Array<char *, (int)2>>(int, T2, T3)"
964539862,1600,4836,512,1,1,128,1,1,22,0.000,0.000,,,,,NVIDIA GeForce RTX 4090 (0),1,,7,"void at::native::vectorized_elementwise_kernel<(int)4, at::native::BinaryFunctor<float, float, float, at::native::binary_internal::MulFunctor<float>>, at::detail::Array<char *, (int)3>>(int, T2, T3)"
964542166,3200,4848,16,1,1,32,16,1,26,0.000,0.000,,,,,NVIDIA GeForce RTX 4090 (0),1,,7,"void at::native::reduce_kernel<(int)512, (int)1, at::native::ReduceOp<float, at::native::MeanOps<float, float>, unsigned int, float, (int)4>>(T3)"
964546102,2016,4856,1024,1,1,128,1,1,16,0.000,0.000,,,,,NVIDIA GeForce RTX 4090 (0),1,,7,"void at::native::elementwise_kernel<(int)128, (int)2, void at::native::gpu_kernel_impl<at::native::CUDAFunctor_add<float>>(at::TensorIteratorBase &, const T1 &)::[lambda(int) (instance 1)]>(int, T3)"
964548790,16127,4876,32,2,1,128,1,1,96,0.000,0.098,,,,,NVIDIA GeForce RTX 4090 (0),1,,7,void cutlass::Kernel<cutlass_80_tensorop_s1688gemm_64x64_32x6_tn_align4>(T1::Params)
964565557,1568,4884,512,1,1,128,1,1,22,0.000,0.000,,,,,NVIDIA GeForce RTX 4090 (0),1,,7,"void at::native::vectorized_elementwise_kernel<(int)4, at::native::CUDAFunctor_add<float>, at::detail::Array<char *, (int)3>>(int, T2, T3)"
964567861,28863,4904,32,2,1,128,1,1,152,0.000,0.074,,,,,NVIDIA GeForce RTX 4090 (0),1,,7,void cutlass::Kernel<cutlass_80_tensorop_s1688gemm_128x64_16x6_tn_align4>(T1::Params)
964597364,2144,4912,1024,1,1,128,1,1,30,0.000,0.000,,,,,NVIDIA GeForce RTX 4090 (0),1,,7,"void at::native::vectorized_elementwise_kernel<(int)4, at::native::GeluCUDAKernelImpl(at::TensorIteratorBase &, at::native::GeluType)::[lambda() (instance 2)]::operator ()() const::[lambda() (instance 2)]::operator ()() const::[lambda(float) (instance 1)], at::detail::Array<char *, (int)2>>(int, T2, T3)"
964600244,29535,4932,32,2,1,128,1,1,96,0.000,0.098,,,,,NVIDIA GeForce RTX 4090 (0),1,,7,void cutlass::Kernel<cutlass_80_tensorop_s1688gemm_64x64_32x6_tn_align4>(T1::Params)
964630387,3456,4954,256,1,1,32,4,1,43,0.000,0.000,,,,,NVIDIA GeForce RTX 4090 (0),1,,7,"void at::native::<unnamed>::vectorized_layer_norm_kernel<float, float>(int, T2, const T1 *, const T1 *, const T1 *, T2 *, T2 *, T1 *)"
964634547,1536,4962,512,1,1,128,1,1,30,0.000,0.000,,,,,NVIDIA GeForce RTX 4090 (0),1,,7,"void at::native::vectorized_elementwise_kernel<(int)4, at::native::sin_kernel_cuda(at::TensorIteratorBase &)::[lambda() (instance 2)]::operator ()() const::[lambda() (instance 2)]::operator ()() const::[lambda(float) (instance 1)], at::detail::Array<char *, (int)2>>(int, T2, T3)"
964636787,1600,4970,512,1,1,128,1,1,17,0.000,0.000,,,,,NVIDIA GeForce RTX 4090 (0),1,,7,"void at::native::vectorized_elementwise_kernel<(int)4, at::native::tanh_kernel_cuda(at::TensorIteratorBase &)::[lambda() (instance 2)]::operator ()() const::[lambda() (instance 2)]::operator ()() const::[lambda(float) (instance 1)], at::detail::Array<char *, (int)2>>(int, T2, T3)"
964639059,1600,4978,512,1,1,128,1,1,22,0.000,0.000,,,,,NVIDIA GeForce RTX 4090 (0),1,,7,"void at::native::vectorized_elementwise_kernel<(int)4, at::native::BinaryFunctor<float, float, float, at::native::binary_internal::MulFunctor<float>>, at::detail::Array<char *, (int)3>>(int, T2, T3)"
964641235,3328,4990,16,1,1,32,16,1,26,0.000,0.000,,,,,NVIDIA GeForce RTX 4090 (0),1,,7,"void at::native::reduce_kernel<(int)512, (int)1, at::native::ReduceOp<float, at::native::MeanOps<float, float>, unsigned int, float, (int)4>>(T3)"
964645171,2016,4998,1024,1,1,128,1,1,16,0.000,0.000,,,,,NVIDIA GeForce RTX 4090 (0),1,,7,"void at::native::elementwise_kernel<(int)128, (int)2, void at::native::gpu_kernel_impl<at::native::CUDAFunctor_add<float>>(at::TensorIteratorBase &, const T1 &)::[lambda(int) (instance 1)]>(int, T3)"
964647891,16127,5018,32,2,1,128,1,1,96,0.000,0.098,,,,,NVIDIA GeForce RTX 4090 (0),1,,7,void cutlass::Kernel<cutlass_80_tensorop_s1688gemm_64x64_32x6_tn_align4>(T1::Params)
964664626,1600,5026,512,1,1,128,1,1,22,0.000,0.000,,,,,NVIDIA GeForce RTX 4090 (0),1,,7,"void at::native::vectorized_elementwise_kernel<(int)4, at::native::CUDAFunctor_add<float>, at::detail::Array<char *, (int)3>>(int, T2, T3)"
964666962,28863,5046,32,2,1,128,1,1,152,0.000,0.074,,,,,NVIDIA GeForce RTX 4090 (0),1,,7,void cutlass::Kernel<cutlass_80_tensorop_s1688gemm_128x64_16x6_tn_align4>(T1::Params)
964696497,2112,5054,1024,1,1,128,1,1,30,0.000,0.000,,,,,NVIDIA GeForce RTX 4090 (0),1,,7,"void at::native::vectorized_elementwise_kernel<(int)4, at::native::GeluCUDAKernelImpl(at::TensorIteratorBase &, at::native::GeluType)::[lambda() (instance 2)]::operator ()() const::[lambda() (instance 2)]::operator ()() const::[lambda(float) (instance 1)], at::detail::Array<char *, (int)2>>(int, T2, T3)"
964699249,29439,5074,32,2,1,128,1,1,96,0.000,0.098,,,,,NVIDIA GeForce RTX 4090 (0),1,,7,void cutlass::Kernel<cutlass_80_tensorop_s1688gemm_64x64_32x6_tn_align4>(T1::Params)
964729392,3392,5096,256,1,1,32,4,1,43,0.000,0.000,,,,,NVIDIA GeForce RTX 4090 (0),1,,7,"void at::native::<unnamed>::vectorized_layer_norm_kernel<float, float>(int, T2, const T1 *, const T1 *, const T1 *, T2 *, T2 *, T1 *)"
964733520,1536,5104,512,1,1,128,1,1,30,0.000,0.000,,,,,NVIDIA GeForce RTX 4090 (0),1,,7,"void at::native::vectorized_elementwise_kernel<(int)4, at::native::sin_kernel_cuda(at::TensorIteratorBase &)::[lambda() (instance 2)]::operator ()() const::[lambda() (instance 2)]::operator ()() const::[lambda(float) (instance 1)], at::detail::Array<char *, (int)2>>(int, T2, T3)"
964735760,1600,5112,512,1,1,128,1,1,17,0.000,0.000,,,,,NVIDIA GeForce RTX 4090 (0),1,,7,"void at::native::vectorized_elementwise_kernel<(int)4, at::native::tanh_kernel_cuda(at::TensorIteratorBase &)::[lambda() (instance 2)]::operator ()() const::[lambda() (instance 2)]::operator ()() const::[lambda(float) (instance 1)], at::detail::Array<char *, (int)2>>(int, T2, T3)"
964738032,1600,5120,512,1,1,128,1,1,22,0.000,0.000,,,,,NVIDIA GeForce RTX 4090 (0),1,,7,"void at::native::vectorized_elementwise_kernel<(int)4, at::native::BinaryFunctor<float, float, float, at::native::binary_internal::MulFunctor<float>>, at::detail::Array<char *, (int)3>>(int, T2, T3)"
964740368,3168,5132,16,1,1,32,16,1,26,0.000,0.000,,,,,NVIDIA GeForce RTX 4090 (0),1,,7,"void at::native::reduce_kernel<(int)512, (int)1, at::native::ReduceOp<float, at::native::MeanOps<float, float>, unsigned int, float, (int)4>>(T3)"
964744304,2016,5140,1024,1,1,128,1,1,16,0.000,0.000,,,,,NVIDIA GeForce RTX 4090 (0),1,,7,"void at::native::elementwise_kernel<(int)128, (int)2, void at::native::gpu_kernel_impl<at::native::CUDAFunctor_add<float>>(at::TensorIteratorBase &, const T1 &)::[lambda(int) (instance 1)]>(int, T3)"
964746992,16255,5160,32,2,1,128,1,1,96,0.000,0.098,,,,,NVIDIA GeForce RTX 4090 (0),1,,7,void cutlass::Kernel<cutlass_80_tensorop_s1688gemm_64x64_32x6_tn_align4>(T1::Params)
964763919,1568,5168,512,1,1,128,1,1,22,0.000,0.000,,,,,NVIDIA GeForce RTX 4090 (0),1,,7,"void at::native::vectorized_elementwise_kernel<(int)4, at::native::CUDAFunctor_add<float>, at::detail::Array<char *, (int)3>>(int, T2, T3)"
964766223,28831,5188,32,2,1,128,1,1,152,0.000,0.074,,,,,NVIDIA GeForce RTX 4090 (0),1,,7,void cutlass::Kernel<cutlass_80_tensorop_s1688gemm_128x64_16x6_tn_align4>(T1::Params)
964795726,2112,5196,1024,1,1,128,1,1,30,0.000,0.000,,,,,NVIDIA GeForce RTX 4090 (0),1,,7,"void at::native::vectorized_elementwise_kernel<(int)4, at::native::GeluCUDAKernelImpl(at::TensorIteratorBase &, at::native::GeluType)::[lambda() (instance 2)]::operator ()() const::[lambda() (instance 2)]::operator ()() const::[lambda(float) (instance 1)], at::detail::Array<char *, (int)2>>(int, T2, T3)"
964798606,29471,5216,32,2,1,128,1,1,96,0.000,0.098,,,,,NVIDIA GeForce RTX 4090 (0),1,,7,void cutlass::Kernel<cutlass_80_tensorop_s1688gemm_64x64_32x6_tn_align4>(T1::Params)
964828717,3360,5238,256,1,1,32,4,1,43,0.000,0.000,,,,,NVIDIA GeForce RTX 4090 (0),1,,7,"void at::native::<unnamed>::vectorized_layer_norm_kernel<float, float>(int, T2, const T1 *, const T1 *, const T1 *, T2 *, T2 *, T1 *)"
964832749,1504,5246,512,1,1,128,1,1,30,0.000,0.000,,,,,NVIDIA GeForce RTX 4090 (0),1,,7,"void at::native::vectorized_elementwise_kernel<(int)4, at::native::sin_kernel_cuda(at::TensorIteratorBase &)::[lambda() (instance 2)]::operator ()() const::[lambda() (instance 2)]::operator ()() const::[lambda(float) (instance 1)], at::detail::Array<char *, (int)2>>(int, T2, T3)"
964834989,1568,5254,512,1,1,128,1,1,17,0.000,0.000,,,,,NVIDIA GeForce RTX 4090 (0),1,,7,"void at::native::vectorized_elementwise_kernel<(int)4, at::native::tanh_kernel_cuda(at::TensorIteratorBase &)::[lambda() (instance 2)]::operator ()() const::[lambda() (instance 2)]::operator ()() const::[lambda(float) (instance 1)], at::detail::Array<char *, (int)2>>(int, T2, T3)"
964837261,1568,5262,512,1,1,128,1,1,22,0.000,0.000,,,,,NVIDIA GeForce RTX 4090 (0),1,,7,"void at::native::vectorized_elementwise_kernel<(int)4, at::native::BinaryFunctor<float, float, float, at::native::binary_internal::MulFunctor<float>>, at::detail::Array<char *, (int)3>>(int, T2, T3)"
964839437,3296,5274,16,1,1,32,16,1,26,0.000,0.000,,,,,NVIDIA GeForce RTX 4090 (0),1,,7,"void at::native::reduce_kernel<(int)512, (int)1, at::native::ReduceOp<float, at::native::MeanOps<float, float>, unsigned int, float, (int)4>>(T3)"
964843373,2048,5282,1024,1,1,128,1,1,16,0.000,0.000,,,,,NVIDIA GeForce RTX 4090 (0),1,,7,"void at::native::elementwise_kernel<(int)128, (int)2, void at::native::gpu_kernel_impl<at::native::CUDAFunctor_add<float>>(at::TensorIteratorBase &, const T1 &)::[lambda(int) (instance 1)]>(int, T3)"
964846061,16127,5302,32,2,1,128,1,1,96,0.000,0.098,,,,,NVIDIA GeForce RTX 4090 (0),1,,7,void cutlass::Kernel<cutlass_80_tensorop_s1688gemm_64x64_32x6_tn_align4>(T1::Params)
964862828,1568,5310,512,1,1,128,1,1,22,0.000,0.000,,,,,NVIDIA GeForce RTX 4090 (0),1,,7,"void at::native::vectorized_elementwise_kernel<(int)4, at::native::CUDAFunctor_add<float>, at::detail::Array<char *, (int)3>>(int, T2, T3)"
965017096,28991,5334,32,2,1,128,1,1,152,0.000,0.074,,,,,NVIDIA GeForce RTX 4090 (0),1,,7,void cutlass::Kernel<cutlass_80_tensorop_s1688gemm_128x64_16x6_tn_align4>(T1::Params)
965046759,2112,5342,1024,1,1,128,1,1,30,0.000,0.000,,,,,NVIDIA GeForce RTX 4090 (0),1,,7,"void at::native::vectorized_elementwise_kernel<(int)4, at::native::GeluCUDAKernelImpl(at::TensorIteratorBase &, at::native::GeluType)::[lambda() (instance 2)]::operator ()() const::[lambda() (instance 2)]::operator ()() const::[lambda(float) (instance 1)], at::detail::Array<char *, (int)2>>(int, T2, T3)"
965049511,29503,5362,32,2,1,128,1,1,96,0.000,0.098,,,,,NVIDIA GeForce RTX 4090 (0),1,,7,void cutlass::Kernel<cutlass_80_tensorop_s1688gemm_64x64_32x6_tn_align4>(T1::Params)
965079750,3391,5384,256,1,1,32,4,1,43,0.000,0.000,,,,,NVIDIA GeForce RTX 4090 (0),1,,7,"void at::native::<unnamed>::vectorized_layer_norm_kernel<float, float>(int, T2, const T1 *, const T1 *, const T1 *, T2 *, T2 *, T1 *)"
965083781,1536,5392,512,1,1,128,1,1,30,0.000,0.000,,,,,NVIDIA GeForce RTX 4090 (0),1,,7,"void at::native::vectorized_elementwise_kernel<(int)4, at::native::sin_kernel_cuda(at::TensorIteratorBase &)::[lambda() (instance 2)]::operator ()() const::[lambda() (instance 2)]::operator ()() const::[lambda(float) (instance 1)], at::detail::Array<char *, (int)2>>(int, T2, T3)"
965085989,1600,5400,512,1,1,128,1,1,17,0.000,0.000,,,,,NVIDIA GeForce RTX 4090 (0),1,,7,"void at::native::vectorized_elementwise_kernel<(int)4, at::native::tanh_kernel_cuda(at::TensorIteratorBase &)::[lambda() (instance 2)]::operator ()() const::[lambda() (instance 2)]::operator ()() const::[lambda(float) (instance 1)], at::detail::Array<char *, (int)2>>(int, T2, T3)"
965088261,1600,5408,512,1,1,128,1,1,22,0.000,0.000,,,,,NVIDIA GeForce RTX 4090 (0),1,,7,"void at::native::vectorized_elementwise_kernel<(int)4, at::native::BinaryFunctor<float, float, float, at::native::binary_internal::MulFunctor<float>>, at::detail::Array<char *, (int)3>>(int, T2, T3)"
965090597,3200,5420,16,1,1,32,16,1,26,0.000,0.000,,,,,NVIDIA GeForce RTX 4090 (0),1,,7,"void at::native::reduce_kernel<(int)512, (int)1, at::native::ReduceOp<float, at::native::MeanOps<float, float>, unsigned int, float, (int)4>>(T3)"
965094469,2016,5428,1024,1,1,128,1,1,16,0.000,0.000,,,,,NVIDIA GeForce RTX 4090 (0),1,,7,"void at::native::elementwise_kernel<(int)128, (int)2, void at::native::gpu_kernel_impl<at::native::CUDAFunctor_add<float>>(at::TensorIteratorBase &, const T1 &)::[lambda(int) (instance 1)]>(int, T3)"
965106117,16191,5448,32,2,1,128,1,1,96,0.000,0.098,,,,,NVIDIA GeForce RTX 4090 (0),1,,7,void cutlass::Kernel<cutlass_80_tensorop_s1688gemm_64x64_32x6_tn_align4>(T1::Params)
965123044,1568,5456,512,1,1,128,1,1,22,0.000,0.000,,,,,NVIDIA GeForce RTX 4090 (0),1,,7,"void at::native::vectorized_elementwise_kernel<(int)4, at::native::CUDAFunctor_add<float>, at::detail::Array<char *, (int)3>>(int, T2, T3)"
